/*!40101 SET NAMES utf8 */;
/*!40101 SET SQL_MODE=''*/;
/*!40014 SET @OLD_UNIQUE_CHECKS=@@UNIQUE_CHECKS, UNIQUE_CHECKS=0 */;
/*!40014 SET @OLD_FOREIGN_KEY_CHECKS=@@FOREIGN_KEY_CHECKS, FOREIGN_KEY_CHECKS=0 */;
/*!40101 SET @OLD_SQL_MODE=@@SQL_MODE, SQL_MODE='NO_AUTO_VALUE_ON_ZERO' */;
/*!40111 SET @OLD_SQL_NOTES=@@SQL_NOTES, SQL_NOTES=0 */;
/*Data for the table `application` */
/*Data for the table `flow` */
/*Data for the table `operation` */
insert  into `operation`(`id`,`slug`,`enabled`,`type`,`icon`) values 
(1,'classification-model',1,'TRANSFORMATION','fa-dashboard'),
(2,'topic-report',1,'TRANSFORMATION','fa-book'),
(3,'frequent-item-set',1,'TRANSFORMATION','fa-cart-plus'),
(4,'naive-bayes-classifier',1,'TRANSFORMATION','fa-tag'),
(5,'filter-selection',1,'TRANSFORMATION','fa-filter'),
(6,'projection',1,'TRANSFORMATION','icon-projection'),
(7,'transformation',1,'TRANSFORMATION','fa-cog'),
(8,'linear-regression',1,'TRANSFORMATION','fa-line-chart'),
(9,'svm-classification',1,'TRANSFORMATION','fa-tag'),
(10,'clustering-model',1,'TRANSFORMATION','fa-users'),
(11,'outlier-detection',1,'TRANSFORMATION','fa-balance-scale'),
(12,'add-rows',1,'TRANSFORMATION','icon-union'),
(13,'set-intersection',1,'TRANSFORMATION','icon-intersection'),
(14,'time-series',1,'TRANSFORMATION','fa-calendar'),
(15,'aggregation',1,'TRANSFORMATION','fa-cube'),
(16,'join',1,'TRANSFORMATION','fa-link'),
(17,'split',1,'TRANSFORMATION','fa-code-fork'),
(18,'data-reader',1,'TRANSFORMATION','fa-database'),
(19,'evaluate-model',1,'TRANSFORMATION','fa-check'),
(20,'service-output',1,'ACTION','fa-gears'),
(21,'clean-missing',1,'ACTION','fa-check'),
(22,'score-model',1,'ACTION','fa-bullseye'),
(23,'remove-duplicated-rows',1,'ACTION','fa-bars'),
(24,'add-columns',1,'TRANSFORMATION','fa-copy'),
(25,'comment',1,'ACTION','fa-commenting-o'),
(26,'publish-as-visualization',1,'ACTION','fa-pie-chart'),
(27,'replace-value',1,'TRANSFORMATION','fa-eraser'),
(28,'sample',1,'TRANSFORMATION','fa-flask'),
(29,'k-means-clustering',1,'TRANSFORMATION','fa-braille'),
(30,'data-writer',1,'ACTION','fa-save'),
(31,'logistic-regression',1,'TRANSFORMATION','fa-exchange'),
(32,'sort',1,'TRANSFORMATION','fa-sort'),
(33,'change-attribute',1,'TRANSFORMATION','fa-edit'),
(34,'broadcast-data',1,'TRANSFORMATION','fa-bullhorn'),
(35,'table-visualization',1,'TRANSFORMATION','fa-table'),
(36,'run-application',1,'TRANSFORMATION','fa-lemon-o'),
(37,'difference',1,'TRANSFORMATION','fa-minus-square'),
(38,'pearson-correlation',0,'TRANSFORMATION','fa-long-arrow-up'),
(39,'Save model',1,'TRANSFORMATION',' fa-cloud-upload'),
(40,'feature-indexer',1,'TRANSFORMATION','fa-list-ol'),
(41,'feature-assembler',1,'TRANSFORMATION','fa-truck'),
(42,'apply-model',1,'TRANSFORMATION',' fa-lightbulb-o'),
(43,'cross-validation',1,'TRANSFORMATION',' fa-crosshairs'),
(44,'random-forest-classifier',1,'TRANSFORMATION','fa-random'),
(45,'gbt-classifier',1,'TRANSFORMATION','fa-tree'),
(46,'decision-tree-classifier',1,'TRANSFORMATION','fa-arrow-right'),
(47,'perceptron-classifier',1,'TRANSFORMATION','fa-angle-double-down'),
(48,'lda-clustering',1,'TRANSFORMATION','fa-file-text'),
(49,'tokenizer',1,'TRANSFORMATION','fa-text-width'),
(50,'remove-stop-words',1,'TRANSFORMATION','fa-hand-stop-o'),
(51,'generate-n-grams',1,'TRANSFORMATION','fa-ellipsis-h'),
(52,'word-to-vector',1,'TRANSFORMATION','fa-long-arrow-right'),
(53,'read-shapefile',1,'TRANSFORMATION','fa-map-o'),
(54,'classification-report',1,'TRANSFORMATION','fa-print'),
(55,'within',1,'TRANSFORMATION','fa-globe'),
(56,'gaussian-mixture-clustering',1,'TRANSFORMATION','fa-bullseye'),
(57,'multiplexer',1,'TRANSFORMATION','fa-puzzle-piece'),
(58,'external-input',1,'TRANSFORMATION','fa-external-link-square'),
(59,'recommendation-model',1,'TRANSFORMATION','fa-star'),
(60,'als-recommender',1,'TRANSFORMATION','fa-signal'),
(61,'data_reader_2',1,'TRANSFORMATION','fa-database'),
(62,'filter_2',1,'TRANSFORMATION','fa-filter'),
(63,'graph',1,'TRANSFORMATION','fa-circle-o'),
(64,'correlation',1,'TRANSFORMATION',' fa-circle'),
(65,'word_tree',1,'TRANSFORMATION','fa-tree'),
(66,'sentiment_analysis',1,'TRANSFORMATION','fa-thumbs-o-up'),
(67,'recurrence',1,'TRANSFORMATION',' fa-square'),
(68,'line-chart',1,'TRANSFORMATION','fa-line-chart'),
(69,'bar-chart',1,'TRANSFORMATION','fa-bar-chart'),
(70,'pie-chart',1,'TRANSFORMATION','fa-pie-chart'),
(71,'area-chart',1,'TRANSFORMATION','fa-area-chart');
/*Data for the table `operation_category` */
insert  into `operation_category`(`id`,`type`) values 
(1,'tecnology'),
(2,'service'),
(3,'data source'),
(4,'algorithm'),
(5,'model'),
(6,'parent'),
(7,'parent'),
(8,'parent'),
(9,'parent'),
(10,'parent'),
(11,'parent'),
(12,'parent'),
(13,'parent'),
(14,'comment'),
(15,'parent'),
(16,'parent'),
(17,'parent');
/*Data for the table `operation_category_operation` */
insert  into `operation_category_operation`(`operation_id`,`operation_category_id`) values 
(1,1),
(2,1),
(3,1),
(4,1),
(5,1),
(6,1),
(7,1),
(8,1),
(9,1),
(10,1),
(11,1),
(12,1),
(13,1),
(14,1),
(15,1),
(16,1),
(17,1),
(20,2),
(18,3),
(4,4),
(1,5),
(1,8),
(2,13),
(3,8),
(4,8),
(5,7),
(6,7),
(7,7),
(8,8),
(9,8),
(10,8),
(11,8),
(12,7),
(13,7),
(14,13),
(15,7),
(16,7),
(18,6),
(19,8),
(20,9),
(21,7),
(22,8),
(23,7),
(24,7),
(26,9),
(26,2),
(28,1),
(17,7),
(28,7),
(29,1),
(29,8),
(30,3),
(30,6),
(31,1),
(31,8),
(32,1),
(32,7),
(27,1),
(27,7),
(25,13),
(25,14),
(33,1),
(33,10),
(34,1),
(34,10),
(35,1),
(35,15),
(36,1),
(36,10),
(37,1),
(37,7),
(38,1),
(38,8),
(39,1),
(39,8),
(40,1),
(40,8),
(41,1),
(41,8),
(42,1),
(42,8),
(43,1),
(43,8),
(44,1),
(44,8),
(45,4),
(45,1),
(45,8),
(46,1),
(46,4),
(46,8),
(47,1),
(47,4),
(47,8),
(48,1),
(48,8),
(49,1),
(49,16),
(50,1),
(50,16),
(51,1),
(51,16),
(52,1),
(52,16),
(53,1),
(53,17),
(54,1),
(54,8),
(55,17),
(57,1),
(57,9),
(58,1),
(58,6),
(59,1),
(59,8),
(60,1),
(60,8),
(61,3),
(62,7),
(61,6),
(63,8),
(64,8),
(65,8),
(66,8),
(67,8),
(68,15),
(69,15),
(70,1),
(70,15),
(71,15),
(71,1);
/*Data for the table `operation_category_translation` */
insert  into `operation_category_translation`(`id`,`locale`,`name`) values 
(1,'en','Spark'),
(1,'pt','Spark'),
(2,'en','Web service'),
(2,'pt','Web service'),
(3,'en','Data source'),
(3,'pt','Data source'),
(4,'en','Classification algorithm'),
(4,'pt','Classification algorithm'),
(5,'en','Classification model'),
(5,'pt','Modelo de classificação'),
(6,'en','Data source and target'),
(6,'pt','Fonte de dados de entrada e saída'),
(7,'en','Data transformation'),
(7,'pt','Transformação de dados'),
(8,'en','Machine learning'),
(8,'pt','Aprendizado de máquina'),
(9,'en','Publish in production'),
(9,'pt','Publicar em produção'),
(10,'en','Data utilities'),
(10,'pt','Utilitários para dados'),
(11,'en','Data manipulation'),
(11,'pt','Data manipulation'),
(12,'en','Text processing'),
(12,'pt','Text processing'),
(13,'en','Others'),
(13,'pt','Outras'),
(14,'en','Comment'),
(14,'pt','Comment'),
(15,'en','Data visualization'),
(15,'pt','Visualização de dados'),
(16,'en','Text processing'),
(16,'pt','Processamento de Texto'),
(17,'en','Geo'),
(17,'pt','Geo');
/*Data for the table `operation_form` */
insert  into `operation_form`(`id`,`enabled`,`order`,`category`) values 
(1,1,1,'execution'),
(2,1,1,'execution'),
(3,1,1,'execution'),
(4,1,1,'execution'),
(5,1,1,'execution'),
(6,1,1,'execution'),
(7,1,1,'execution'),
(8,1,1,'execution'),
(9,1,1,'execution'),
(10,1,1,'execution'),
(11,1,1,'execution'),
(12,1,1,'execution'),
(13,1,1,'execution'),
(14,1,1,'execution'),
(15,1,1,'execution'),
(16,1,1,'execution'),
(17,1,1,'execution'),
(18,1,1,'execution'),
(19,1,1,'execution'),
(20,1,1,'execution'),
(21,1,1,'execution'),
(22,1,1,'execution'),
(23,1,1,'execution'),
(24,1,1,'execution'),
(25,1,1,'execution'),
(26,1,1,'execution'),
(27,1,1,'execution'),
(28,1,1,'execution'),
(32,1,1,'execution'),
(33,1,1,'execution'),
(34,1,1,'execution'),
(35,1,1,'execution'),
(39,1,3,'infrastructure'),
(40,1,4,'security'),
(41,1,2,'appearance'),
(42,1,1,'execution'),
(43,1,5,'logging'),
(44,1,1,'execution'),
(45,1,1,'execution'),
(46,1,1,'execution'),
(48,1,0,'execution'),
(49,1,0,'execution'),
(50,1,1,'execution'),
(51,1,1,'execution'),
(52,1,1,'execution'),
(53,1,1,'execution'),
(54,1,1,'execution'),
(55,1,1,'execution'),
(56,1,1,'execution'),
(57,1,1,'execution'),
(58,1,1,'execution'),
(59,1,1,'execution'),
(60,1,1,'execution'),
(61,1,1,'execution'),
(62,1,1,'execution'),
(63,1,1,'execution'),
(64,1,0,'paramgrid'),
(65,1,0,'paramgrid'),
(66,1,0,'paramgrid'),
(67,1,0,'paramgrid'),
(68,1,0,'paramgrid'),
(69,1,1,'execution'),
(70,1,1,'execution'),
(71,1,1,'execution'),
(72,1,1,'execution'),
(73,1,1,'execution'),
(74,1,1,'execution'),
(75,1,1,'execution'),
(76,1,1,'execution'),
(77,1,1,'execution'),
(78,1,1,'execution'),
(79,1,1,'execution'),
(80,1,1,'execution'),
(81,1,1,'execution'),
(82,1,1,'execution'),
(83,1,1,'execution'),
(84,1,1,'execution'),
(85,1,1,'execution'),
(86,1,1,'execution');
/*Data for the table `operation_form_field` */
insert  into `operation_form_field`(`id`,`name`,`type`,`required`,`order`,`default`,`suggested_widget`,`values_url`,`values`,`scope`,`form_id`) values 
(1,'data_source','INTEGER',1,0,'','lookup','http://beta.ctweb.inweb.org.br/limonero/datasources?token=123456',NULL,'EXECUTION',18),
(6,'attributes','TEXT',1,0,'','attribute-selector',NULL,NULL,'EXECUTION',6),
(7,'max_memory','FLOAT',0,0,'','decimal',NULL,NULL,'EXECUTION',39),
(8,'max_exec_time','INTEGER',0,0,'','integer',NULL,NULL,'EXECUTION',39),
(9,'max_cpus','INTEGER',0,0,'','integer',NULL,NULL,'EXECUTION',39),
(10,'sensitive_data','',0,0,'','checkbox',NULL,NULL,'EXECUTION',40),
(11,'left_attributes','TEXT',1,0,'','attribute-selector',NULL,NULL,'EXECUTION',16),
(12,'right_attributes','TEXT',1,0,'','attribute-selector',NULL,NULL,'EXECUTION',16),
(13,'join_type','TEXT',1,0,'','dropdown',NULL,'[{\"key\": \"inner\", \"value\": \"Inner join\"},{\"key\": \"left_outer\", \"value\": \"Left outer join\"}, {\"key\": \"right_outer\", \"value\": \"Right outer join\"}]','EXECUTION',16),
(14,'keep_right_keys','',0,0,'','checkbox',NULL,NULL,'EXECUTION',16),
(15,'match_case','',1,0,'','checkbox',NULL,NULL,'EXECUTION',16),
(16,'weights','INTEGER',0,0,'','range',NULL,'50','EXECUTION',17),
(17,'seed','INTEGER',0,0,'','integer',NULL,NULL,'EXECUTION',17),
(18,'attributes','TEXT',1,0,'','attribute-selector',NULL,NULL,'EXECUTION',20),
(19,'cleaning_mode','TEXT',1,1,'','dropdown',NULL,'[{\"key\": \"MEAN\", \"value\": \"Replace with mean\"}, {\"key\": \"VALUE\", \"value\": \"Replace with value\"},{\"key\": \"MEDIAN\", \"value\": \"Replace with approx. median (10% relative target precision)\"}, {\"key\": \"MODE\", \"value\": \"Replace with mode\"}, {\"key\": \"REMOVE_ROW\", \"value\": \"Remove entire row\"}, {\"key\": \"REMOVE_COLUMN\", \"value\": \"Remove entire column\"}]','EXECUTION',20),
(20,'value','TEXT',0,2,'','text',NULL,NULL,'EXECUTION',20),
(21,'comment','TEXT',0,0,'','textarea',NULL,NULL,'EXECUTION',41),
(22,'comment','TEXT',0,0,'','textarea',NULL,NULL,'EXECUTION',24),
(23,'attributes','TEXT',1,0,'','attribute-function',NULL,'{\r\n    \"functions\":\r\n	[\r\n	  {\"key\": \"asc\", \"value\": \"Ascending\", \"help\": \"Ascending order\"},\r\n	  {\"key\": \"desc\", \"value\": \"Descending\", \"help\": \"Descending order\"}\r\n    ],\r\n    \"options\": {\r\n        \"title\": \"Sort operation\",\r\n        \"description\": \"Sort a data source by a set of attributes\",\r\n        \"show_alias\": false\r\n    }\r\n}','EXECUTION',35),
(25,'color','TEXT',0,1,'rgb(255, 255, 165)','color',NULL,'[\r\n{\"background\": \"transparent\", \"foreground\": \"#222222\"},\r\n{\"background\": \"#FF1417\", \"foreground\": \"#FFFFFF\"},\r\n{\"background\": \"#FF6611\", \"foreground\": \"#FFFFFF\"},\r\n{\"background\": \"#FF8844\", \"foreground\": \"#000000\"},\r\n{\"background\": \"#FFEE55\", \"foreground\": \"#222222\"},\r\n{\"background\": \"#FEFE38\", \"foreground\": \"#222222\"},\r\n{\"background\": \"#FFFF99\", \"foreground\": \"#222222\"},\r\n{\"background\": \"#AACC22\", \"foreground\": \"#222222\"},\r\n{\"background\": \"#BBDD77\", \"foreground\": \"#222222\"},\r\n{\"background\": \"#C8CF82\", \"foreground\": \"#222222\"},\r\n{\"background\": \"#92A77E\", \"foreground\": \"#FFFFFF\"},\r\n{\"background\": \"#5599EE\", \"foreground\": \"#FFFFFF\"},\r\n{\"background\": \"#0088CC\", \"foreground\": \"#FFFFFF\"},\r\n{\"background\": \"#226688\", \"foreground\": \"#FFFFFF\"},\r\n{\"background\": \"#175279\", \"foreground\": \"#FFFFFF\"},\r\n{\"background\": \"#557777\", \"foreground\": \"#FFFFFF\"},\r\n{\"background\": \"#DDBB33\", \"foreground\": \"#222222\"},\r\n{\"background\": \"#D3A76D\", \"foreground\": \"#222222\"},\r\n{\"background\": \"#A9834B\", \"foreground\": \"#FFFFFF\"},\r\n{\"background\": \"#AA6688\", \"foreground\": \"#FFFFFF\"},\r\n{\"background\": \"#767676\", \"foreground\": \"#FFFFFF\"},\r\n{\"background\": \"#FFFFFF\", \"foreground\": \"#222222\"}\r\n]\r\n','EXECUTION',41),
(26,'attributes','TEXT',1,1,'','attribute-selector',NULL,NULL,'EXECUTION',42),
(61,'new_name','TEXT',0,2,'','text',NULL,NULL,'EXECUTION',42),
(62,'new_data_type','TEXT',0,3,'','dropdown',NULL,'[{\"key\": \"keep\", \"value\": \"Do not change\"}, {\"key\": \"integer\", \"value\": \"Integer\"},{\"key\": \"string\", \"value\": \"String\"}, {\"key\": \"double\", \"value\": \"Double\"}, {\"key\": \"Date\", \"value\": \"Date\"}, {\"key\": \"Date/time\", \"value\": \"Date/time\"}]','EXECUTION',42),
(63,'nullable','INTEGER',0,4,'','dropdown',NULL,'[{\"key\": \"keep\", \"value\": \"Do not change\"}, {\"key\": \"true\", \"value\": \"Yes\"}, {\"key\": \"false\", \"value\": \"No\"}]','EXECUTION',42),
(64,'is_feature','INTEGER',0,5,'','dropdown',NULL,'[{\"key\": \"keep\", \"value\": \"Do not change\"}, {\"key\": \"true\", \"value\": \"Yes\"}, {\"key\": \"false\", \"value\": \"No\"}]','EXECUTION',42),
(65,'is_label','INTEGER',0,6,'','dropdown',NULL,'[{\"key\": \"keep\", \"value\": \"Do not change\"}, {\"key\": \"true\", \"value\": \"Yes\"}, {\"key\": \"false\", \"value\": \"No\"}]','EXECUTION',42),
(67,'log_level','TEXT',0,1,'','dropdown',NULL,'[\r\n  {\"key\": \"DEBUG\", \"value\": \"DEBUG\"}, \r\n  {\"key\": \"INFO\", \"value\": \"INFO\"}, \r\n  {\"key\": \"WARN\", \"value\": \"WARNING\"},\r\n  {\"key\": \"ERROR\", \"value\": \"ERROR\"}\r\n]','EXECUTION',43),
(68,'application','INTEGER',1,1,'','lookup','http://beta.ctweb.inweb.org.br/tahiti/applications?token=123456',NULL,'EXECUTION',46),
(69,'parameters','TEXT',1,2,'','text',NULL,NULL,'EXECUTION',46),
(70,'attributes','TEXT',1,1,'','attribute-selector',NULL,NULL,'EXECUTION',15),
(71,'function','TEXT',1,2,'','attribute-function',NULL,'{\r\n    \"functions\":\r\n	[\r\n	  {\"key\": \"avg\", \"value\": \"Average (AVG)\", \"help\": \"Computes the average of each group\"},\r\n	  {\"key\": \"count\", \"value\": \"Count\", \"help\": \"Counts the total of records of each group\"},\r\n	  {\"key\": \"first\", \"value\": \"First\", \"help\": \"Returns the first element of group\"},\r\n	  {\"key\": \"last\", \"value\": \"Last\", \"help\": \"Returns the last element of group\"},\r\n	  {\"key\": \"max\", \"value\": \"Maximum (MAX)\", \"help\": \"Returns the max value of each group for one attribute\"},\r\n	  {\"key\": \"min\", \"value\": \"Minimum (MIN)\", \"help\": \"Returns the min value of each group for one attribute\"},\r\n	  {\"key\": \"sum\", \"value\": \"Sum\", \"help\": \"Returns the sum of values of each group for one attribute\"}\r\n    ],\r\n    \"options\": {\r\n        \"title\": \"Aggregate operation\",\r\n        \"description\": \"Add one of more lines with attribute to be used, function and alias to compute aggregate function over groups.\",\r\n        \"show_alias\": true\r\n    }\r\n}','EXECUTION',15),
(72,'attributes','TEXT',1,1,'','attribute-selector',NULL,NULL,'EXECUTION',22),
(73,'seed','INTEGER',0,5,'','integer',NULL,NULL,'EXECUTION',26),
(74,'fraction','FLOAT',1,2,'1','percentage',NULL,NULL,'EXECUTION',26),
(75,'header','INTEGER',0,2,'0','checkbox',NULL,NULL,'EXECUTION',18),
(76,'separator','TEXT',0,3,',','text',NULL,NULL,'EXECUTION',18),
(77,'infer_schema','TEXT',0,4,'FROM_LIMONERO','dropdown',NULL,'[\r\n  {\"key\": \"FROM_LIMONERO\", \"value\": \"From metadata (recommended)\"},\r\n  {\"key\": \"FROM_VALUES\", \"value\": \"From data\"},\r\n  {\"key\": \"NO\", \"value\": \"Do not infer\"}\r\n]','EXECUTION',18),
(78,'attributes','TEXT',1,0,'','attribute-selector',NULL,NULL,'EXECUTION',48),
(79,'min_missing_ratio','FLOAT',0,3,'','decimal',NULL,NULL,'EXECUTION',20),
(80,'max_missing_ratio','FLOAT',0,4,'','decimal',NULL,NULL,'EXECUTION',20),
(81,'name','TEXT',1,1,'','text',NULL,NULL,'EXECUTION',28),
(82,'path','TEXT',1,2,'','text',NULL,NULL,'EXECUTION',28),
(83,'format','TEXT',1,4,'','dropdown',NULL,'[\r\n  {\r\n    \"key\": \"CSV\", \"value\": \"CSV data file\" \r\n  },\r\n  {\r\n    \"key\": \"JSON\", \"value\": \"JSON data file\" \r\n  },\r\n  {\r\n    \"key\": \"PARQUET\", \"value\": \"Parquet data file\" \r\n  }\r\n]','EXECUTION',28),
(84,'tags','TEXT',0,5,'','tag',NULL,NULL,'EXECUTION',28),
(85,'mode','INTEGER',0,6,'','dropdown',NULL,'[\r\n  {\r\n    \"key\": \"append\", \"value\": \"Append data to the existing file\" \r\n  },\r\n  {\r\n    \"key\": \"error\", \"value\": \"Do not overwrite, raise error\" \r\n  },\r\n  {\r\n    \"key\": \"ignore\", \"value\": \"Ignore if file exists\" \r\n  },\r\n  {\r\n    \"key\": \"overwrite\", \"value\": \"Overwrite if file exists\" \r\n  }\r\n]','EXECUTION',28),
(86,'header','INTEGER',0,7,'','checkbox',NULL,NULL,'EXECUTION',28),
(87,'storage','INTEGER',1,3,'','dropdown',NULL,'[\r\n{\r\n    \"key\": 1, \"value\": \"HDFS - Default Storage\" \r\n}\r\n]','EXECUTION',28),
(88,'expression','TEXT',1,1,'','expression',NULL,'[\r\n   {\r\n     \"category\": \"Math\", \r\n     \"functions\": [\r\n        {\"name\": \"SQRT\", \"help\": \"Return the square root of a number\", \"syntax\": \"SQRT(value_or_attribute)\"}\r\n      ]\r\n   },\r\n   {\r\n       \"category\": \"Datetime\", \r\n       \"functions\":[\r\n          {\"name\": \"DATETIME_TO_TS\", \"help\": \"Convert a datetime to timestamp\", \"syntax\": \"DATETIME_TO_TS(date_or_attribute)\"},\r\n          {\"name\": \"GROUP_DATETIME\", \"help\": \"Group a date to a bin using seconds as unit\", \"syntax\": \"GROUP_DATETIME(date_or_attribute, seconds)\"},\r\n          {\"name\": \"NOW\", \"help\": \"Return current system hour\", \"syntax\": \"NOW()\"},\r\n          {\"name\": \"TS_TO_DATETIME\", \"help\": \"Convert a timestamp to datetime\", \"syntax\": \"TS_TO_DATETIME(ts_or_attribute)\"}\r\n       ]\r\n   },\r\n   {\r\n       \"category\": \"String\", \r\n       \"functions\": [\r\n         {\"name\": \"SUBSTR\", \"help\": \"Return a substring of a text\", \"syntax\": \"SUBSTR(text_or_attribute, start, size)\"}\r\n       ]\r\n   }\r\n]','EXECUTION',7),
(89,'alias','TEXT',1,2,'','text',NULL,NULL,'EXECUTION',7),
(90,'filter','TEXT',1,1,'','attribute-function',NULL,'{\r\n	\"functions\": [\r\n            {\r\n		\"key\": \">\",\r\n		\"value\": \"Greater than (>)\",\r\n		\"help\": \"Greater than (>)\"\r\n	    },\r\n            {\r\n		\"key\": \">=\",\r\n		\"value\": \"Greater or equals to (>=)\",\r\n		\"help\": \"Greater or equals to (>=)\"\r\n	    },\r\n            {\r\n		\"key\": \"<\",\r\n		\"value\": \"Less than (<)\",\r\n		\"help\": \"Less than (<)\"\r\n	    },\r\n            {\r\n		\"key\": \"<=\",\r\n		\"value\": \"Less or equals to (<=)\",\r\n		\"help\": \"Less or equals to (<=)\"\r\n	    },\r\n            {\r\n		\"key\": \"==\",\r\n		\"value\": \"Equals to (=)\",\r\n		\"help\": \"Equals to (=)\"\r\n	    },\r\n            {\r\n		\"key\": \"!=\",\r\n		\"value\": \"Different (!=)\",\r\n		\"help\": \"Different (!=)\"\r\n	    }\r\n        ],\r\n	\"options\": {\r\n		\"title\": \"Filter operation\",\r\n		\"show_alias\": false,\r\n                \"show_value\": true\r\n	}\r\n}','EXECUTION',5),
(91,'null_values','TEXT',0,3,'','textarea',NULL,NULL,'EXECUTION',18),
(93,'attributes','TEXT',1,1,'','attribute-selector',NULL,NULL,'EXECUTION',50),
(94,'indexer_type','TEXT',1,1,'','dropdown',NULL,'[\r\n  {\r\n    \"key\": \"string\", \"value\": \"String\" \r\n  },\r\n  {\r\n    \"key\": \"vector\", \"value\": \"Vector\" \r\n  }\r\n]','EXECUTION',50),
(95,'alias','TEXT',0,2,'','text',NULL,NULL,'EXECUTION',50),
(96,'max_categories','INTEGER',0,3,'','integer',NULL,NULL,'EXECUTION',50),
(97,'attributes','TEXT',1,1,'','attribute-selector',NULL,NULL,'EXECUTION',51),
(98,'alias','TEXT',1,2,'','text',NULL,NULL,'EXECUTION',51),
(99,'prediction_attribute','TEXT',1,1,'','attribute-selector',NULL,NULL,'EXECUTION',32),
(100,'label_attribute','TEXT',1,2,'','attribute-selector',NULL,NULL,'EXECUTION',32),
(101,'metric','TEXT',0,3,'','dropdown',NULL,'[\r\n  {\r\n    \"key\": \"areaUnderROC\", \"value\": \"Area under ROC (Binary classification only)\" \r\n  },\r\n  {\r\n    \"key\": \"areaUnderPR\", \"value\": \"Area under PR (Binary classification only)\" \r\n  },\r\n  {\r\n    \"key\": \"f1\", \"value\": \"F1 (Multiclass classification only)\" \r\n  },\r\n  {\r\n    \"key\": \"weightedPrecision\", \"value\": \"Weighted precision (Multiclass classification only)\" \r\n  },\r\n  {\r\n    \"key\": \"weightedRecall\", \"value\": \"Weighted recall (Multiclass classification only)\" \r\n  },\r\n  {\r\n    \"key\": \"accuracy\", \"value\": \"Accuracy (Multiclass classification only)\" \r\n  },\r\n  {\r\n    \"key\": \"rmse\", \"value\": \"Root mean squared error  (Regression only)\" \r\n  },\r\n  {\r\n    \"mse\": \"mse\", \"value\": \"Mean squared error (Regression only)\" \r\n  },\r\n  {\r\n    \"key\": \"mae\", \"value\": \"Mean absolute error  (Regression only)\" \r\n  }\r\n]','EXECUTION',32),
(102,'type','',1,1,'percent','dropdown',NULL,'[\r\n  {\r\n    \"key\": \"percent\", \"value\": \"Sample a random percentage of data\" \r\n  },\r\n  {\r\n    \"key\": \"value\", \"value\": \"Sample N random records from data\" \r\n  },\r\n  {\r\n    \"key\": \"head\", \"value\": \"Extract top N records from data\" \r\n  }\r\n]','EXECUTION',26),
(103,'fold_count','INTEGER',1,3,'10','integer',NULL,NULL,'EXECUTION',24),
(104,'fold_size','INTEGER',1,4,'1000','integer',NULL,NULL,'EXECUTION',24),
(105,'value','INTEGER',1,1,'','integer',NULL,NULL,'EXECUTION',26),
(106,'estimator','',1,1,'','dropdown',NULL,NULL,'EXECUTION',53),
(107,'evaluator','',1,2,'','dropdown',NULL,NULL,'EXECUTION',53),
(108,'folds','INTEGER',1,3,'','integer',NULL,NULL,'EXECUTION',53),
(109,'seed','INTEGER',0,4,'','integer',NULL,NULL,'EXECUTION',53),
(110,'optimizer','TEXT',1,1,'em','dropdown',NULL,'[\r\n  {\r\n    \"key\": \"em\", \"value\": \"EM optimizer\" \r\n  },\r\n  {\r\n    \"key\": \"online\", \"value\": \"Online optimizer\" \r\n  }\r\n]','EXECUTION',58),
(111,'type','TEXT',1,1,'simple','dropdown',NULL,'[\r\n  {\r\n    \"key\": \"simple\", \"value\": \"Simple, use spaces and puctuation as delimiters\" \r\n  },\r\n  {\r\n    \"key\": \"regex\", \"value\": \"Use regular expression to determine delimiters\" \r\n  }\r\n]','EXECUTION',59),
(112,'expression','TEXT',0,4,'','text',NULL,NULL,'EXECUTION',59),
(113,'min_token_length','INTEGER',0,5,'2','integer',NULL,NULL,'EXECUTION',59),
(114,'attributes','TEXT',1,1,'','attribute-selector',NULL,NULL,'EXECUTION',60),
(115,'alias','TEXT',1,2,'','text',NULL,NULL,'EXECUTION',60),
(116,'stop_word_list','TEXT',0,3,'','textarea',NULL,NULL,'EXECUTION',60),
(117,'stop_word_attribute','TEXT',0,4,'','attribute-selector',NULL,NULL,'EXECUTION',60),
(118,'case-sensitive','INTEGER',1,5,'0','checkbox',NULL,NULL,'EXECUTION',60),
(119,'attributes','TEXT',1,2,'','attribute-selector',NULL,NULL,'EXECUTION',59),
(120,'alias','TEXT',0,3,'','text',NULL,NULL,'EXECUTION',59),
(121,'attributes','TEXT',1,1,'','attribute-selector',NULL,NULL,'EXECUTION',62),
(122,'alias','TEXT',1,2,'','text',NULL,NULL,'EXECUTION',62),
(123,'type','TEXT',1,3,'count','dropdown',NULL,'[\r\n  {\r\n    \"key\": \"count\", \"value\": \"Count term frequency\" \r\n  },\r\n  {\r\n    \"key\": \"word2vec\", \"value\": \"Use word2vec algorithm\" \r\n  }\r\n]','EXECUTION',62),
(124,'vocab_size','INTEGER',0,4,'','integer',NULL,NULL,'EXECUTION',62),
(125,'minimum_df','INTEGER',0,5,'','integer',NULL,NULL,'EXECUTION',62),
(126,'number_of_topics','INTEGER',1,2,'10','integer',NULL,NULL,'EXECUTION',58),
(127,'max_iteractions','INTEGER',0,3,'3','integer',NULL,NULL,'EXECUTION',58),
(128,'minimum_tf','INTEGER',0,6,'1','integer',NULL,NULL,'EXECUTION',62),
(130,'features','TEXT',1,1,'','attribute-selector',NULL,NULL,'EXECUTION',1),
(131,'label','TEXT',1,2,'','attribute-selector',NULL,NULL,'EXECUTION',1),
(132,'features','TEXT',1,1,'','attribute-selector',NULL,NULL,'EXECUTION',10),
(133,'shapefile','INTEGER',1,1,'','lookup','http://beta.ctweb.inweb.org.br/limonero/datasources?token=123456&format=SHAPEFILE',NULL,'EXECUTION',63),
(134,'features','TEXT',1,1,'','attribute-selector',NULL,NULL,'EXECUTION',64),
(135,'label','TEXT',1,2,'','attribute-selector',NULL,NULL,'EXECUTION',64),
(136,'smoothing','TEXT',0,3,'','text',NULL,NULL,'EXECUTION',64),
(137,'features','TEXT',1,1,'','attribute-selector',NULL,NULL,'EXECUTION',65),
(138,'label','TEXT',1,2,'','attribute-selector',NULL,NULL,'EXECUTION',65),
(140,'features','TEXT',1,1,'','attribute-selector',NULL,NULL,'EXECUTION',66),
(141,'label','TEXT',1,2,'','attribute-selector',NULL,NULL,'EXECUTION',66),
(143,'features','TEXT',1,1,'','attribute-selector',NULL,NULL,'EXECUTION',67),
(144,'label','TEXT',1,2,'','attribute-selector',NULL,NULL,'EXECUTION',67),
(146,'features','TEXT',1,1,'','attribute-selector',NULL,NULL,'EXECUTION',68),
(147,'label','TEXT',1,2,'','attribute-selector',NULL,NULL,'EXECUTION',68),
(149,'impurity','TEXT',1,1,'gini','multi-select-dropdown',NULL,'[\r\n  {\r\n    \"key\": \"gini\", \"value\": \"Gini\" \r\n  },\r\n  {\r\n    \"key\": \"entropy\", \"value\": \"Entropy\" \r\n  }\r\n]','EXECUTION',65),
(150,'report_name','TEXT',1,1,'','text',NULL,NULL,'EXECUTION',69),
(152,'terms_per_topic','INTEGER',1,1,'','integer',NULL,NULL,'EXECUTION',2),
(153,'terms_per_topic','INTEGER',1,2,'','integer',NULL,NULL,'EXECUTION',2),
(154,'latitude','TEXT',1,1,'','attribute-selector',NULL,NULL,'EXECUTION',70),
(155,'polygon','TEXT',1,3,'','attribute-selector',NULL,NULL,'EXECUTION',70),
(156,'number_of_clusters','INTEGER',1,1,'','integer',NULL,NULL,'EXECUTION',27),
(157,'type','TEXT',1,2,'kmeans','dropdown',NULL,'[\r\n	{\"key\": \"kmeans\", \"value\": \"Traditional K-Means\"},\r\n	{\"key\": \"bisecting\", \"value\": \"Bisecting K-Means\"}\r\n]','EXECUTION',27),
(158,'init_mode','TEXT',1,3,'k-means||','dropdown',NULL,'[\r\n	{\"key\": \"k-means||\", \"value\": \"kmeans|| (kmeans++ variant)\"},\r\n	{\"key\": \"random\", \"value\": \"random\"}\r\n]','EXECUTION',27),
(159,'max_iterations','INTEGER',1,4,'','integer',NULL,NULL,'EXECUTION',27),
(160,'tolerance','FLOAT',0,1,'0.0001','decimal',NULL,NULL,'EXECUTION',27),
(161,'number_of_clusters','INTEGER',1,1,'','integer',NULL,NULL,'EXECUTION',71),
(162,'max_iterations','INTEGER',1,4,'','integer',NULL,NULL,'EXECUTION',71),
(163,'tolerance','FLOAT',0,1,'0.0001','decimal',NULL,NULL,'EXECUTION',71),
(164,'n','INTEGER',1,1,'','integer',NULL,NULL,'EXECUTION',61),
(165,'attributes','TEXT',1,1,'','attribute-selector',NULL,NULL,'EXECUTION',61),
(166,'alias','TEXT',0,2,'','text',NULL,NULL,'EXECUTION',61),
(167,'longitude','TEXT',1,2,'','attribute-selector',NULL,NULL,'EXECUTION',70),
(168,'polygon_attributes','TEXT',0,4,'','attribute-selector',NULL,NULL,'EXECUTION',70),
(169,'alias','TEXT',0,5,'','text',NULL,NULL,'EXECUTION',70),
(170,'doc_concentration','FLOAT',0,4,'','decimal',NULL,NULL,'EXECUTION',58),
(171,'topic_concentration','FLOAT',0,5,'','decimal',NULL,NULL,'EXECUTION',58),
(172,'attributes','TEXT',1,1,'','attribute-selector',NULL,NULL,'EXECUTION',73),
(173,'type','TEXT',1,2,'SERVICE_INPUT','dropdown',NULL,'[\r\n  {\"key\": \"SERVICE_INPUT\", \"value\": \"Read as web service input\"}\r\n]','EXECUTION',73),
(174,'choose_input_2_if','TEXT',1,1,'NEVER','dropdown',NULL,'[\r\n  {\"key\": \"NEVER\", \"value\": \"Never choose input 2\"},\r\n  {\"key\": \"WEB_SERVICE\", \"value\": \"Workflow is running as a web service\"}\r\n]','EXECUTION',72),
(175,'data_source','INTEGER',1,1,'','lookup','http://citron.ctweb.inweb.org.br:8000/datasources',NULL,'EXECUTION',76),
(176,'filter','TEXT',1,1,'','text',NULL,NULL,'EXECUTION',77),
(177,'rank','INTEGER',1,1,'','integer',NULL,NULL,'EXECUTION',75),
(178,'max_iter','INTEGER',0,2,'','integer',NULL,NULL,'EXECUTION',75),
(179,'user_col','TEXT',1,3,'','attribute-selector',NULL,NULL,'EXECUTION',75),
(180,'item_col','TEXT',1,4,'','attribute-selector',NULL,NULL,'EXECUTION',75),
(181,'rating_col','TEXT',1,5,'','attribute-selector',NULL,NULL,'EXECUTION',75),
(182,'reg_param','FLOAT',0,6,'','decimal',NULL,NULL,'EXECUTION',75),
(183,'features','TEXT',1,1,'','attribute-selector',NULL,NULL,'EXECUTION',34),
(184,'label','TEXT',1,2,'','attribute-selector',NULL,NULL,'EXECUTION',34),
(185,'prediction','TEXT',0,3,'','text',NULL,NULL,'EXECUTION',34),
(186,'weight_col','TEXT',0,4,'','attribute-selector',NULL,NULL,'EXECUTION',34),
(187,'family','TEXT',1,5,'','dropdown',NULL,'[\r\n  {\"key\": \"auto\", \"value\": \"Auto\"},\r\n  {\"key\": \"binomial\", \"value\": \"Binomial\"},\r\n  {\"key\": \"multinomial\", \"value\": \"Multinomial\"}\r\n]','EXECUTION',34),
(188,'title','TEXT',1,1,'','text',NULL,NULL,'EXECUTION',84),
(189,'labels','TEXT',0,2,'','text',NULL,NULL,'EXECUTION',84),
(190,'id_attribute','TEXT',1,3,'','attribute-selector',NULL,NULL,'EXECUTION',84),
(191,'value_attribute','TEXT',1,4,'','attribute-selector',NULL,NULL,'EXECUTION',84),
(192,'orientation','TEXT',0,5,'','dropdown',NULL,'[\r\n{\"key\": \"VERTICAL_BARS\", \"value\": \"Vertical bars\"},\r\n{\"key\": \"HORIZONTAL_BARS\", \"value\": \"Horizontal bars\"}\r\n]','EXECUTION',84);
/*Data for the table `operation_form_field_translation` */
insert  into `operation_form_field_translation`(`id`,`locale`,`label`,`help`) values 
(1,'en','Data source','Data source to be used as input.'),
(1,'pt','Data source','Data source to be used as input.'),
(6,'en','Select attribute(s)','Choose one or more attributes. These attributes will be selected to the output data set.'),
(6,'pt','Select attribute(s)','Choose one or more attributes. These attributes will be selected to the output data set.'),
(7,'en','Max. execution memory (in MB)','Max execution memory in megabytes. This is just a recommendation.'),
(7,'pt','Quantidade (em MB) máxima de memória reservada','Quantidade (em MB) máxima de memória reservada'),
(8,'en','Max. execution time (seconds)','Max execution time in seconds. This is just a recommendation.'),
(8,'pt','Tempo máximo de execução (em segundos) ','Tempo máximo de execução (em segundos) '),
(9,'en','Max. number of CPUs','Max number of CPUs. This is just a recommendation.'),
(9,'pt','Número máximo de CPUs','Número máximo de CPUs'),
(10,'en','Output data is sensitive','Is the output data sensitive and should be protected?'),
(10,'pt','Dados de saída são sensíveis','Dados de saída são sensíveis'),
(11,'en','Attribute(s) from first data source','Select one or more attributes from the first data source'),
(11,'pt','Attribute(s) from first data source','Select one or more attributes from the first data source'),
(12,'en','Attribute(s) from second data source','Select one or more attributes from the second data source'),
(12,'pt','Attribute(s) from second data source','Select one or more attributes from the second data source'),
(13,'en','Join type','Type of join to be performed.'),
(13,'pt','Join type','Type of join to be performed.'),
(14,'en','Keep keys from second data source','Keys columns used in the join could be ignored because they are already present in the first data source.'),
(14,'pt','Keep keys from second data source','Keys columns used in the join could be ignored because they are already present in the first data source.'),
(15,'en','Match case when comparing keys','If checked, a case sensitive matching will be performed when comparing keys.'),
(15,'pt','Match case when comparing keys','If checked, a case sensitive matching will be performed when comparing keys.'),
(16,'en','Weights','Weights used to split the data source'),
(16,'pt','Weights','Weights used to split the data source'),
(17,'en','Seed','Seed used to initialize the random number generator.'),
(17,'pt','Seed','Seed used to initialize the random number generator.'),
(18,'en','Attribute(s)','Select one or more attributes to be cleaned'),
(18,'pt','Attribute(s)','Select one or more attributes to be cleaned'),
(19,'en','Cleaning mode','Type of cleaning to be performed.'),
(19,'pt','Cleaning mode','Type of cleaning to be performed.'),
(20,'en','Value','Value used to replace missing values.'),
(20,'pt','Value','Value used to replace missing values.'),
(21,'en','Comment','Just a comment to be shown in the diagram'),
(21,'pt','Comentário','Comentário'),
(22,'en','Comment','Comment'),
(22,'pt','Comment','Comment'),
(23,'en','Attribute(s)','Select one or more attributes to be used as sort criteria. Order matters.'),
(23,'pt','Attribute(s)','Select one or more attributes to be used as sort criteria. Order matters.'),
(25,'en','Color','Background color'),
(25,'pt','Cor','Cor de fundo'),
(26,'en','Attribute(s)','Select one or more attributes.'),
(26,'pt','Atributo(s)','Selecione um ou mais atributos.'),
(61,'en','New name','New name. If used with multiple attributes, a numerical suffix will be used to distinguish them. For example, name1, name2, ...\r\nYou can use the variable ${attribute_name} to rename attributes by adding a prefix or a suffix to the original name.'),
(61,'pt','Novo nome','Novo nome. Se usado com vários atributos, o nome será o sufixo.'),
(62,'en','New data type','New data type. A conversion is not performed and if you incorrectly change this information, the workflow may not work.'),
(62,'pt','Novo tipo de dados','Novo tipo dos dados. Nenhuma conversão é realizada.'),
(63,'en','Mark as nullable','Is attribute nullable?'),
(63,'pt','Marcar como podendo ser nulo','Atributo pode ser nulo'),
(64,'en','Mark as feature','Attributes are feature'),
(64,'pt','Marcar como feature','Atributos são features (características)'),
(65,'en','Mark as label','Attributes are label'),
(65,'pt','Marcar como rótulo','Atributos são rótulos (labels)'),
(67,'en','Log level','Log level'),
(67,'pt','Nível de registro','Nível de registro'),
(68,'en','Available applications','Application to be executed'),
(68,'pt','Aplicações disponíveis','Aplicação a ser executada'),
(69,'en','Parameters','Application parameters'),
(69,'pt','Parâmertos','Parâmetros da aplicação'),
(70,'en','Select attribute(s) for aggregation','Choose one or more attributes to aggregate data with'),
(70,'pt','Selecione o(s) atributos para agregação','Escola um ou mais atributos para a agregação.'),
(71,'en','Aggregation function','Function applied to aggregated data'),
(71,'pt','Função de agregação','Função a ser aplicada aos dados agregados'),
(72,'en','Key fields','Choose zero or more fields to be used as key. If no field is choosen, all fields are used'),
(72,'pt','Campos-chave','Escolha zero ou mais campos para serem usados como chave durante a operação. Se nenhum campo for informado, todos os campos serão considerados como parte da chave'),
(73,'en','Seed','Seed used to initialize the random number generator.'),
(73,'pt','Semente para num. aleatório','Semente para a geração do número aleatório'),
(74,'en','percentage','Percentage of data to be sampled'),
(74,'pt','percentual','Percentual dos dados a ser amostrado'),
(75,'en','Use first line as header','Does file first line contain header information about attributes?'),
(75,'pt','Use first line as header','Does file first line contain header information about attributes?'),
(76,'en','Attribute separator','Character used as attribute separator'),
(76,'pt','Attribute separator','Character used as attribute separator'),
(77,'en','Infer data source schema','Infer data source schema from attribute\'s values.'),
(77,'pt','Infer data source schema','Infer data source schema from attribute\'s values.'),
(78,'en','Select 2 attribute','Choose exactly 2 attributes. These attributes will be used in correlation.'),
(78,'pt','Selecione 2 atributos','Selecione exatamente 2 atributos. Estes atributos serão usados na correlação.'),
(79,'en','Minimum missing value ratio','Minimum number of missing values required for the operation to be performed'),
(79,'pt','Razão mínima de valores ausentes','Razão mínima entre o total de valores ausentes e o total de registros a ser considerada para que a operação seja executada'),
(80,'en','Maximum missing value ratio','Maximum number of missing values that can be present for the operation to be performed'),
(80,'pt','Razão máxima de valores ausentes','Razão máxima entre o total de valores ausentes e o total de registros a ser considerada para que a operação seja executada'),
(81,'en','Data source name','Data source name'),
(81,'pt','Data source name','Data source name'),
(82,'en','Data source path (relative to storage)','Path for data source'),
(82,'pt','Data source path (relative to storage)','Path for data source'),
(83,'en','Output format','Output format used to write data'),
(83,'pt','Output format','Output format used to write data'),
(84,'en','Tags','Tags	'),
(84,'pt','Tags','Tags	'),
(85,'en','Overwrite mode','Action in case of trying to write over an existing file'),
(85,'pt','Overwrite mode','Action in case of trying to write over an existing file'),
(86,'en','Save header','Save header information if format is CSV'),
(86,'pt','Save header','Save header information if format is CSV'),
(87,'en','Storage','Storage where data is saved'),
(87,'pt','Storage','Storage where data is saved'),
(88,'en','Expression','Expression to apply to an attribute in order to generate another attribute. See help for supported functions and syntax.'),
(88,'pt','Expression','Expression to apply to an attribute in order to generate another attribute. See help for supported functions and syntax.'),
(89,'en','Name for transformed attribute','Name for the transformed attribute.'),
(89,'pt','Name for transformed attribute','Name for the transformed attribute.'),
(90,'en','Filter','Filter'),
(90,'pt','Filtro','Filtro'),
(91,'en','Treat these values as null (comma-separated)','These values will be considered as null when parsing the file. Separe items by comma (,).'),
(91,'pt','Tratar esses valores como nulos (separe por vírgula)','Esses valores serão considerados como nulos quando o arquivo estiver sendo lido. Separe os valores por vírgula (,).'),
(93,'en','Attributes','Attributes (features) to be indexed'),
(93,'es',NULL,NULL),
(93,'pt','Atributos','Atributos (features) a ser indexados'),
(94,'en','Indexer type','Indexer type'),
(94,'es',NULL,NULL),
(94,'pt','Tipo de indexador','Tipo de indexador'),
(95,'en','Name for new indexed attribute(s)','Name for new indexed attribute(s)'),
(95,'es',NULL,NULL),
(95,'pt','Nome para novo(s) atributo(s) indexado(s)','Nome para novo(s) atributo(s) indexado(s)'),
(96,'en','Max. categories (vector only)','Max. categories (vector only)'),
(96,'es',NULL,NULL),
(96,'pt','Máx. categorias (vetor apenas)','Máx. categorias (vetor apenas)'),
(97,'en','Attributes to be assembled','Attributes to be assembled'),
(97,'es',NULL,NULL),
(97,'pt',NULL,NULL),
(98,'en','New attribute name','New attribute name'),
(98,'es',NULL,NULL),
(98,'pt',NULL,NULL),
(99,'en','Prediction attribute','Prediction attribute'),
(99,'es',NULL,NULL),
(99,'pt',NULL,NULL),
(100,'en','Label attribute','Label attribute'),
(100,'es',NULL,NULL),
(100,'pt',NULL,NULL),
(101,'en','Metric to evaluation','Metric to evaluation'),
(101,'es',NULL,NULL),
(101,'pt',NULL,NULL),
(102,'en','Type of sampling or partition','Type of sampling or partition'),
(102,'es',NULL,NULL),
(102,'pt',NULL,NULL),
(103,'en','Folds','How many folds will be generated. Data will be distributed as equaly as possible among folds.'),
(103,'es',NULL,NULL),
(103,'pt',NULL,NULL),
(104,'en','Fold size','How many records will be distributed among folds. The number of folds will depend on the number of records.'),
(104,'es',NULL,NULL),
(104,'pt',NULL,NULL),
(105,'en','Total of records','Total of records to be retrieved'),
(105,'es',NULL,NULL),
(105,'pt',NULL,NULL),
(106,'en','Estimator','Estimator'),
(106,'es',NULL,NULL),
(106,'pt',NULL,NULL),
(107,'en','Evaluator','Evaluator'),
(107,'es',NULL,NULL),
(107,'pt',NULL,NULL),
(108,'en','Folds','Folds'),
(108,'es',NULL,NULL),
(108,'pt',NULL,NULL),
(109,'en','Seed','Seed used to generate folds'),
(109,'es',NULL,NULL),
(109,'pt',NULL,NULL),
(110,'en','Optimizer','Optimizer'),
(110,'es',NULL,NULL),
(110,'pt',NULL,NULL),
(111,'en','Type','Type of tokenizer'),
(111,'es',NULL,NULL),
(111,'pt',NULL,NULL),
(112,'en','Expression (only if type regex)','Expression (only if type regex) for regular expression (Java syntax)'),
(112,'es',NULL,NULL),
(112,'pt',NULL,NULL),
(113,'en','Minimum size of tokens','Any token smaller than this value will be discarded'),
(113,'es',NULL,NULL),
(113,'pt',NULL,NULL),
(114,'en','Attributes','List of attributes to be used as input to remove stop words'),
(114,'es',NULL,NULL),
(114,'pt',NULL,NULL),
(115,'en','Alias for new attributes','Alias for new attributes'),
(115,'es',NULL,NULL),
(115,'pt',NULL,NULL),
(116,'en','Stop word list','Stop word list, separated by commas'),
(116,'es',NULL,NULL),
(116,'pt',NULL,NULL),
(117,'en','Attribute from 2nd input with stop words','Attribute from 2nd input with stop words'),
(117,'es',NULL,NULL),
(117,'pt',NULL,NULL),
(118,'en','Case sensitive','Case sensitive'),
(118,'es',NULL,NULL),
(118,'pt','Diferenciar maiúsculas/minúsculas','Diferenciar maiúsculas/minúsculas'),
(119,'en','Attributes','Attributes'),
(119,'es',NULL,NULL),
(119,'pt',NULL,NULL),
(120,'en','Alias','ALias'),
(120,'es',NULL,NULL),
(120,'pt',NULL,NULL),
(121,'en','Attributes','Attributes'),
(121,'es',NULL,NULL),
(121,'pt',NULL,NULL),
(122,'en','Alias','Alias'),
(122,'es',NULL,NULL),
(122,'pt',NULL,NULL),
(123,'en','Type','Type'),
(123,'es',NULL,NULL),
(123,'pt','Tipo','Tipo'),
(124,'en','Vocabulary size','Vocabulary size'),
(124,'es',NULL,NULL),
(124,'pt','Tamanho do vocabulário','Tamanho do vocabulário'),
(125,'en','Minimum frequency in docs (DF)','Minimum frequency in docs (DF)'),
(125,'es',NULL,NULL),
(125,'pt','Frequência mínima de documentos (DF)',NULL),
(126,'en','Number of topics (K)','Number of topics (K) to be generated'),
(126,'es',NULL,NULL),
(126,'pt',NULL,NULL),
(127,'en','Max. iterations','Max. iterations'),
(127,'es',NULL,NULL),
(127,'pt','Número máx. de iterações','Número máx. de iterações'),
(128,'en','Minimum term frequency (TF)','Minimum term frequency (TF)'),
(128,'pt','Frequência mínima do termo (TF)','Frequência mínima do termo (TF)'),
(130,'en','Features attribute','Features attribute'),
(130,'es',NULL,NULL),
(130,'pt',NULL,NULL),
(131,'en','Label attribute','Label attribute'),
(131,'es',NULL,NULL),
(131,'pt',NULL,NULL),
(132,'en','Features attribute','Features attribute'),
(132,'es',NULL,NULL),
(132,'pt',NULL,NULL),
(133,'en','Shapefile','Shapefile'),
(133,'es',NULL,NULL),
(133,'pt',NULL,NULL),
(134,'en','Features','Features'),
(134,'es',NULL,NULL),
(134,'pt',NULL,NULL),
(135,'en','Label','Label'),
(135,'es',NULL,NULL),
(135,'pt','Rótulo',NULL),
(136,'en','Smoothing','Smoothing'),
(136,'es',NULL,NULL),
(136,'pt','Suavização',NULL),
(137,'en','Features','Label'),
(137,'es',NULL,NULL),
(137,'pt','Features',NULL),
(138,'en','Label','Label'),
(138,'es',NULL,NULL),
(138,'pt','Rótulo',NULL),
(140,'en','Features','Label'),
(140,'es',NULL,NULL),
(140,'pt','Features',NULL),
(141,'en','Label','Label'),
(141,'es',NULL,NULL),
(141,'pt','Rótulo',NULL),
(143,'en','Features','Label'),
(143,'es',NULL,NULL),
(143,'pt','Features',NULL),
(144,'en','Label',NULL),
(144,'pt','Rótulo',NULL),
(146,'en','Features','Features'),
(146,'pt','Features','Features'),
(147,'en','Label','Label'),
(147,'pt','Rótulo','Rótulo'),
(149,'en','Impurity','Impurity is the measure based on which the (locally) optimal condition is chosen.'),
(149,'es',NULL,NULL),
(149,'pt','Impureza','Impureza é a medida na qual o algoritmo se base para escolher a condição ótima local'),
(150,'en','Report name','Report name'),
(150,'es',NULL,NULL),
(150,'pt','Nome do relatório','Nome do relatório'),
(152,'en','Terms per topic (max)','Terms per topic (max)'),
(152,'es',NULL,NULL),
(152,'pt',NULL,NULL),
(153,'en','Terms per topic (max)','Terms per topic (max)'),
(153,'es',NULL,NULL),
(153,'pt','Termos por tópico (máx)','Termos por tópico (máx)'),
(154,'en','Latitude','Latitude'),
(154,'es',NULL,NULL),
(154,'pt','Latitude','Latitude'),
(155,'en','Polygon attribute in geo data','Polygon attribute in geo data'),
(155,'es',NULL,NULL),
(155,'pt','Atributo com o polígono nos dados geo','Atributo com o polígono nos dados geo'),
(156,'en','Number of clusters (K)','Number of clusters (K)'),
(156,'es',NULL,NULL),
(156,'pt','Quantidade de agrupamentos (K)','Quantidade de agrupamentos (K)'),
(157,'en','Type','Type'),
(157,'es',NULL,NULL),
(157,'pt','Tipo','Tipo'),
(158,'en','Init mode','How to generate initial centroids'),
(158,'es',NULL,NULL),
(158,'pt','Geração dos centroids iniciais','Geração dos centroids iniciais'),
(159,'en','Max iterations','Max iterations'),
(159,'es',NULL,NULL),
(159,'pt','Número máx. de iterações','Número máx. de iterações'),
(160,'en','Tolerance','Convergency tolerance for the within-cluster sums of point-to-centroid distances.'),
(160,'es',NULL,NULL),
(160,'pt','Tolerância','Tolerância de convergência para as somas das distâncias intra-cluster do ponto ao centroide.'),
(161,'',NULL,NULL),
(161,'en','Number of clusters (K)','Number of clusters (K)'),
(162,'en','Max iterations','Max iterations'),
(162,'pt','Número máx. de iterações','Número máx. de iterações'),
(163,'en','Tolerance','Convergency tolerance for the within-cluster sums of point-to-centroid distances.'),
(163,'pt','Tolerância',' Tolerância de convergência para as somas das distâncias intra-cluster do ponto ao centroide.'),
(164,'en','Number of elements per n-gram','Number of elements per n-gram (>=2)'),
(164,'es',NULL,NULL),
(164,'pt','Número de elementos por n-grama','Número de elementos por n-grama (>=2)'),
(165,'en','Attributes','Attributes'),
(165,'es',NULL,NULL),
(165,'pt','Atributos','Attributos'),
(166,'en','Name(s) of new attribute(s)','Name(s) of new attribute(s)'),
(166,'es',NULL,NULL),
(166,'pt','Nome(s) do(s) novo(s) attributo(s)','Nome(s) do(s) novo(s) attributo(s)'),
(167,'en','Longitude','Longitude'),
(167,'es',NULL,NULL),
(167,'pt','Longitude','Longitude'),
(168,'en','Attributes to retrieve from shapefile','Attributes to retrieve from shapefile'),
(168,'es',NULL,NULL),
(168,'pt','Atributos a recuperar do shapefile','Atributos a recuperar do shapefile'),
(169,'en','Alias for shapefile attributes','Alias for shapefile attributes'),
(169,'es',NULL,NULL),
(169,'pt','Nomes para atributos do shapefile','Nomes para atributos do shapefile'),
(170,'en','Document concentration (alpha)','Document concentration (alpha)'),
(170,'es',NULL,NULL),
(170,'pt','Concentração de documentos (alfa)','Concentração de documentos (alfa)'),
(171,'en','Topic concentration (beta)','Topic concentration (beta)'),
(171,'es',NULL,NULL),
(171,'pt','Concentração de tópicos (beta)','Concentração de tópicos (beta)'),
(172,'en','Attributes','Attributes'),
(172,'es',NULL,NULL),
(172,'pt','Atributos','Atributos'),
(173,'en','Type','Type of external input'),
(173,'es',NULL,NULL),
(173,'pt','Tipo','Tipo de entrada externa'),
(174,'en','Choose input 2 if condition true','Choose input 2 if condition true'),
(174,'es',NULL,NULL),
(174,'pt','Escolha entrada 2 se condição verdadeira','Escolha entrada 2 se condição verdadeira'),
(175,'en','Data source','Data source to be used as input.'),
(175,'es',NULL,NULL),
(175,'pt','Fonte de dados','Fonte de dados a ser usada como entrada'),
(176,'en','Filter','Filter'),
(176,'es',NULL,NULL),
(176,'pt','Filtro','Filtro'),
(177,'en','Factorization number (rank)','Factorization number (rank)'),
(177,'es',NULL,NULL),
(177,'pt','Número de fatorização (rank)','Número de fatorização (rank)'),
(178,'en','Max iterations','Max iterations'),
(178,'es',NULL,NULL),
(178,'pt','Iterações','Iterações'),
(179,'en','User id attribute','User id attribute'),
(179,'es',NULL,NULL),
(179,'pt','Atributo com id do usuário','Atributo com id do usuário'),
(180,'en','Evaluated item id attrbiute','Evaluated item id attribute'),
(180,'es',NULL,NULL),
(180,'pt','Atributo com id do item avaliado','Atributo com id do item avaliado'),
(181,'en','Attribute with evaluation','Attribute with evaluation'),
(181,'es',NULL,NULL),
(181,'pt','Atributo com a avaliação','Atributo com a avaliação'),
(182,'en','Experiment regularization','Experiment regularization'),
(182,'es',NULL,NULL),
(182,'pt','Regularização do experimento','Regularização do experimento'),
(183,'en','Features','Features'),
(183,'es',NULL,NULL),
(183,'pt','Features','Features'),
(184,'en','Label','Label'),
(184,'es',NULL,NULL),
(184,'pt','Rótulo','Rótulo'),
(185,'en','Prediction attribute','Prediction attribute'),
(185,'es',NULL,NULL),
(185,'pt','Predição (novo atributo)','Predição (novo atributo)'),
(186,'en','Weight attribute','Weight attribute'),
(186,'es',NULL,NULL),
(186,'pt','Atributo com os pesos','Atributo com os pesos'),
(187,'en','Family','Family'),
(187,'es',NULL,NULL),
(187,'pt','Família','Família'),
(188,'en','Title','Title'),
(188,'es',NULL,NULL),
(188,'pt','Título','Título'),
(189,'en','Labels','Labels. If omitted, id attribute values will be used.'),
(189,'es',NULL,NULL),
(189,'pt','Rótulos','Rótulos. Se omitido, os valores do atributo id serão usados.'),
(190,'en','Id attribute (x-axis)','Id attribute (x-axis)'),
(190,'es',NULL,NULL),
(190,'pt','Atributo (x-axis)','Atributo (x-axis)'),
(191,'en','Value atribute','Value atribute'),
(191,'es',NULL,NULL),
(191,'pt','Atributo com o valor','Atributo com o valor'),
(192,'en','Orientation','Orientation'),
(192,'es',NULL,NULL),
(192,'pt','Orientação','Orientação');
/*Data for the table `operation_form_translation` */
insert  into `operation_form_translation`(`id`,`locale`,`name`) values 
(1,'en','Execution'),
(1,'pt','Execução'),
(2,'en','Execution'),
(2,'pt','Execução'),
(3,'en','Execution'),
(3,'pt','Execução'),
(4,'en','Execution'),
(4,'pt','Execução'),
(5,'en','Execution'),
(5,'pt','Execução'),
(6,'en','Execution'),
(6,'pt','Execução'),
(7,'en','Execution'),
(7,'pt','Execução'),
(8,'en','Execution'),
(8,'pt','Execução'),
(9,'en','Execution'),
(9,'pt','Execução'),
(10,'en','Execution'),
(10,'pt','Execução'),
(11,'en','Execution'),
(11,'pt','Execução'),
(12,'en','Execution'),
(12,'pt','Execução'),
(13,'en','Execution'),
(13,'pt','Execução'),
(14,'en','Execution'),
(14,'pt','Execução'),
(15,'en','Execution'),
(15,'pt','Execução'),
(16,'en','Execution'),
(16,'pt','Execução'),
(17,'en','Execution'),
(17,'pt','Execução'),
(18,'en','Execution'),
(18,'pt','Execução'),
(19,'en','Execution'),
(19,'pt','Execução'),
(20,'en','Execution'),
(20,'pt','Execução'),
(21,'en','Execution'),
(21,'pt','Execução'),
(22,'en','Execution'),
(22,'pt','Execução'),
(23,'en','Execution'),
(23,'pt','Execução'),
(24,'en','Execution'),
(24,'pt','Execução'),
(25,'en','Execution'),
(25,'pt','Execução'),
(26,'en','Execution'),
(26,'pt','Execução'),
(27,'en','Execution'),
(27,'pt','Execução'),
(28,'en','Execution'),
(28,'pt','Execução'),
(32,'en','Execution'),
(32,'pt','Execução'),
(33,'en','Execution'),
(33,'pt','Execução'),
(34,'en','Execution'),
(34,'pt','Execução'),
(35,'en','Execution'),
(35,'pt','Execução'),
(39,'en','Infrastructure/QoS'),
(39,'pt','Infraestrutura/QoS'),
(40,'en','Security and Privacy'),
(40,'pt','Segurança e privacidade'),
(41,'en','Appearance'),
(41,'pt','Aparência'),
(42,'en','Execution'),
(42,'pt','Execução'),
(43,'en','Logging'),
(43,'pt','Registro de execução'),
(44,'en','Execution'),
(44,'pt','Execução'),
(45,'en','Execution'),
(45,'pt','Execução'),
(46,'en','Execution'),
(46,'pt','Execução'),
(48,'en','Execution'),
(48,'pt','Execução'),
(49,'en','Execution'),
(49,'pt','Execução'),
(50,'en','Execution'),
(50,'es',NULL),
(50,'pt','Execution'),
(51,'en','Execution'),
(51,'es',NULL),
(51,'pt','Execução'),
(52,'en','Execution'),
(52,'es',NULL),
(52,'pt','Execução'),
(53,'en','Execution'),
(53,'es',NULL),
(53,'pt','Execução'),
(54,'en','Execution'),
(54,'es',NULL),
(54,'pt','Execução'),
(55,'en','Execution'),
(55,'es',NULL),
(55,'pt','Execução'),
(56,'en','Execution'),
(56,'es',NULL),
(56,'pt','Execução'),
(57,'en','Execution'),
(57,'es',NULL),
(57,'pt','Execução'),
(58,'en','Execution'),
(58,'es',NULL),
(58,'pt','Execução'),
(59,'en','Execution'),
(59,'es',NULL),
(59,'pt','Execução'),
(60,'en','Execution'),
(60,'es',NULL),
(60,'pt','Execução'),
(61,'en','Execution'),
(61,'es',NULL),
(61,'pt','Execução'),
(62,'en','Execution'),
(62,'es',NULL),
(62,'pt','Execução'),
(63,'en','Execution'),
(63,'es',NULL),
(63,'pt','Execução'),
(64,'en','Param grid'),
(64,'pt','Grade de parâmetros'),
(65,'en','Param grid'),
(65,'pt','Grade de parâmetros'),
(66,'en','Param grid'),
(66,'pt','Grade de parâmetros'),
(67,'en','Param grid'),
(67,'pt','Grade de parâmetros'),
(68,'en','Param grid'),
(68,'pt','Grade de parâmetros'),
(69,'en','Execution'),
(69,'es',NULL),
(69,'pt','Execução'),
(70,'en','Execution'),
(70,'es',NULL),
(70,'pt','Execução'),
(71,'en','Execution'),
(71,'es',NULL),
(71,'pt','Execução'),
(72,'en','Execution'),
(72,'es',NULL),
(72,'pt','Execução'),
(73,'en','Execution'),
(73,'es',NULL),
(73,'pt','Execução'),
(74,'en','Execution'),
(74,'es',NULL),
(74,'pt','Execução'),
(75,'en','Execution'),
(75,'es',NULL),
(75,'pt','Execução'),
(76,'en','Execution'),
(76,'es',NULL),
(76,'pt','Execução'),
(77,'en','Execution'),
(77,'es',NULL),
(77,'pt','Execução'),
(78,'en','Execution'),
(78,'es',NULL),
(78,'pt','Execução'),
(79,'en','Execution'),
(79,'es',NULL),
(79,'pt','Execução'),
(80,'en','Execution'),
(80,'es',NULL),
(80,'pt','Execução'),
(81,'en','Execution'),
(81,'es',NULL),
(81,'pt','Execução'),
(82,'en','Execution'),
(82,'es',NULL),
(82,'pt','Execução'),
(83,'en','Execution'),
(83,'es',NULL),
(83,'pt','Execução'),
(84,'en','Execution'),
(84,'es',NULL),
(84,'pt','Execução'),
(85,'en','Execution'),
(85,'es',NULL),
(85,'pt','Execução'),
(86,'en','Execution'),
(86,'es',NULL),
(86,'pt','Execução');
/*Data for the table `operation_operation_form` */
insert  into `operation_operation_form`(`operation_id`,`operation_form_id`) values 
(1,1),
(2,2),
(3,3),
(5,5),
(6,6),
(6,39),
(6,40),
(7,7),
(8,8),
(9,9),
(10,10),
(11,11),
(13,13),
(14,14),
(15,15),
(16,16),
(17,17),
(17,41),
(18,18),
(19,32),
(20,19),
(21,20),
(22,21),
(23,22),
(26,25),
(27,33),
(28,26),
(29,27),
(30,28),
(31,34),
(32,35),
(1,39),
(2,39),
(3,39),
(4,39),
(5,39),
(7,39),
(8,39),
(9,39),
(10,39),
(11,39),
(12,39),
(13,39),
(14,39),
(15,39),
(16,39),
(17,39),
(18,39),
(19,39),
(20,39),
(21,39),
(22,39),
(23,39),
(24,39),
(26,39),
(27,39),
(28,39),
(29,39),
(30,39),
(31,39),
(32,39),
(1,40),
(2,40),
(3,40),
(4,40),
(5,40),
(7,40),
(8,40),
(9,40),
(10,40),
(11,40),
(12,40),
(13,40),
(14,40),
(15,40),
(16,40),
(17,40),
(18,40),
(19,40),
(20,40),
(21,40),
(22,40),
(23,40),
(24,40),
(26,40),
(27,40),
(28,40),
(29,40),
(30,40),
(31,40),
(32,40),
(1,41),
(2,41),
(3,41),
(4,41),
(5,41),
(6,41),
(7,41),
(8,41),
(9,41),
(10,41),
(11,41),
(12,41),
(13,41),
(14,41),
(15,41),
(16,41),
(18,41),
(19,41),
(20,41),
(21,41),
(22,41),
(23,41),
(24,41),
(25,41),
(26,41),
(27,41),
(28,41),
(29,41),
(30,41),
(31,41),
(32,41),
(33,42),
(33,41),
(1,43),
(2,43),
(3,43),
(4,43),
(5,43),
(6,43),
(7,43),
(8,43),
(9,43),
(10,43),
(11,43),
(12,43),
(13,43),
(14,43),
(15,43),
(16,43),
(17,43),
(18,43),
(19,43),
(20,43),
(21,43),
(22,43),
(23,43),
(24,43),
(25,43),
(26,43),
(27,43),
(28,43),
(29,43),
(30,43),
(31,43),
(32,43),
(33,43),
(34,41),
(34,43),
(35,45),
(35,41),
(35,43),
(36,46),
(36,41),
(36,43),
(37,41),
(37,43),
(38,48),
(38,41),
(38,43),
(39,49),
(39,41),
(39,43),
(40,41),
(40,39),
(40,43),
(40,40),
(40,50),
(41,41),
(41,39),
(41,43),
(41,40),
(41,51),
(42,41),
(42,39),
(42,43),
(42,40),
(42,52),
(43,41),
(43,39),
(43,43),
(43,40),
(43,53),
(44,41),
(44,39),
(44,43),
(44,40),
(45,41),
(45,39),
(45,43),
(45,40),
(46,41),
(46,39),
(46,43),
(46,40),
(47,41),
(47,39),
(47,43),
(47,40),
(48,41),
(48,39),
(48,43),
(48,40),
(48,58),
(49,41),
(49,39),
(49,43),
(49,40),
(49,59),
(50,41),
(50,39),
(50,43),
(50,40),
(50,60),
(51,41),
(51,39),
(51,43),
(51,40),
(51,61),
(52,41),
(52,39),
(52,43),
(52,40),
(52,62),
(53,41),
(53,39),
(53,43),
(53,40),
(53,63),
(4,64),
(44,65),
(46,66),
(45,67),
(47,68),
(54,41),
(54,39),
(54,43),
(54,40),
(54,69),
(55,41),
(55,39),
(55,43),
(55,40),
(55,70),
(56,41),
(56,39),
(56,43),
(56,40),
(56,71),
(57,41),
(57,39),
(57,43),
(57,40),
(57,72),
(58,41),
(58,39),
(58,43),
(58,40),
(58,73),
(59,41),
(59,39),
(59,43),
(59,40),
(59,74),
(60,41),
(60,39),
(60,43),
(60,40),
(60,75),
(61,76),
(62,77),
(63,78),
(64,79),
(65,80),
(66,81),
(67,82),
(61,41),
(62,41),
(63,41),
(64,41),
(65,41),
(66,41),
(67,41),
(68,41),
(68,39),
(68,43),
(68,40),
(68,83),
(69,41),
(69,39),
(69,43),
(69,40),
(69,84),
(70,41),
(70,39),
(70,43),
(70,40),
(70,85),
(71,41),
(71,39),
(71,43),
(71,40),
(71,86);
/*Data for the table `operation_platform` */
insert  into `operation_platform`(`operation_id`,`platform_id`) values 
(1,1),
(2,1),
(3,1),
(4,1),
(5,1),
(6,1),
(7,1),
(8,1),
(9,1),
(10,1),
(11,1),
(12,1),
(13,1),
(14,1),
(15,1),
(16,1),
(17,1),
(18,1),
(19,1),
(20,1),
(21,1),
(22,1),
(23,1),
(24,1),
(25,1),
(26,1),
(27,1),
(28,1),
(29,1),
(30,1),
(31,1),
(32,1),
(33,1),
(34,1),
(35,1),
(36,1),
(37,1),
(38,1),
(61,4),
(62,4),
(63,4),
(64,4),
(65,4),
(66,4),
(67,4),
(39,1),
(40,1),
(41,1),
(42,1),
(43,1),
(44,1),
(45,1),
(46,1),
(47,1),
(48,1),
(49,1),
(50,1),
(51,1),
(52,1),
(53,1),
(54,1),
(55,1),
(56,1),
(57,1),
(58,1),
(59,1),
(60,1),
(68,1),
(69,1),
(70,1),
(71,1);
/*Data for the table `operation_port` */
insert  into `operation_port`(`id`,`type`,`tags`,`order`,`multiplicity`,`operation_id`) values 
(1,'INPUT',NULL,1,'ONE',5),
(2,'OUTPUT',NULL,1,'MANY',5),
(3,'INPUT',NULL,1,'ONE',6),
(4,'OUTPUT',NULL,1,'MANY',6),
(5,'INPUT',NULL,1,'ONE',12),
(6,'INPUT',NULL,1,'ONE',12),
(7,'OUTPUT',NULL,1,'MANY',12),
(8,'INPUT',NULL,1,'ONE',13),
(9,'INPUT',NULL,1,'ONE',13),
(10,'OUTPUT',NULL,1,'MANY',13),
(11,'INPUT',NULL,1,'ONE',16),
(12,'INPUT',NULL,1,'ONE',16),
(13,'OUTPUT',NULL,1,'MANY',16),
(14,'INPUT',NULL,1,'ONE',8),
(16,'INPUT',NULL,2,'ONE',2),
(18,'INPUT',NULL,2,'ONE',1),
(19,'INPUT',NULL,1,'ONE',1),
(20,'OUTPUT',NULL,2,'MANY',1),
(21,'OUTPUT',NULL,1,'MANY',4),
(22,'INPUT',NULL,2,'ONE',10),
(23,'INPUT',NULL,1,'ONE',10),
(24,'OUTPUT',NULL,2,'MANY',10),
(25,'OUTPUT',NULL,1,'MANY',10),
(26,'INPUT',NULL,1,'ONE',17),
(27,'OUTPUT',NULL,1,'MANY',17),
(28,'OUTPUT',NULL,2,'MANY',17),
(29,'INPUT',NULL,1,'ONE',7),
(30,'OUTPUT',NULL,1,'MANY',7),
(31,'INPUT',NULL,1,'ONE',15),
(32,'OUTPUT',NULL,1,'MANY',15),
(34,'OUTPUT',NULL,1,'MANY',9),
(35,'OUTPUT',NULL,1,'MANY',18),
(36,'INPUT',NULL,1,'ONE',19),
(37,'INPUT',NULL,3,'ONE',19),
(38,'OUTPUT',NULL,1,'MANY',14),
(39,'OUTPUT',NULL,1,'MANY',19),
(40,'INPUT',NULL,1,'ONE',20),
(42,'OUTPUT',NULL,1,'MANY',8),
(43,'OUTPUT',NULL,1,'MANY',21),
(44,'INPUT',NULL,1,'ONE',21),
(45,'INPUT',NULL,1,'ONE',22),
(46,'OUTPUT',NULL,1,'MANY',22),
(47,'INPUT',NULL,1,'ONE',22),
(48,'OUTPUT',NULL,1,'MANY',23),
(49,'INPUT',NULL,1,'ONE',23),
(50,'INPUT',NULL,1,'ONE',24),
(51,'INPUT',NULL,1,'ONE',24),
(52,'OUTPUT',NULL,1,'MANY',24),
(54,'INPUT',NULL,1,'ONE',26),
(55,'INPUT',NULL,1,'ONE',28),
(56,'OUTPUT',NULL,1,'MANY',28),
(57,'OUTPUT',NULL,1,'ONE',29),
(58,'INPUT',NULL,1,'ONE',30),
(59,'INPUT',NULL,1,'ONE',31),
(60,'OUTPUT',NULL,1,'MANY',31),
(61,'INPUT',NULL,1,'ONE',32),
(62,'OUTPUT',NULL,1,'MANY',32),
(63,'INPUT',NULL,1,'ONE',27),
(64,'OUTPUT',NULL,1,'MANY',27),
(65,'OUTPUT',NULL,1,'MANY',33),
(66,'INPUT',NULL,1,'ONE',33),
(68,'INPUT',NULL,1,'ONE',34),
(70,'INPUT',NULL,1,'ONE',35),
(73,'INPUT',NULL,2,'ONE',26),
(74,'OUTPUT',NULL,1,'MANY',36),
(75,'INPUT',NULL,1,'ONE',36),
(76,'OUTPUT',NULL,1,'MANY',37),
(77,'INPUT',NULL,1,'ONE',37),
(79,'OUTPUT',NULL,1,'MANY',38),
(80,'INPUT',NULL,1,'ONE',38),
(83,'INPUT',NULL,1,'ONE',39),
(85,'INPUT',NULL,1,'ONE',40),
(86,'OUTPUT',NULL,1,'MANY',40),
(87,'INPUT',NULL,1,'ONE',41),
(88,'OUTPUT',NULL,1,'MANY',41),
(89,'OUTPUT',NULL,2,'MANY',40),
(91,'OUTPUT',NULL,1,'MANY',3),
(92,'INPUT',NULL,1,'ONE',42),
(93,'INPUT',NULL,2,'ONE',42),
(94,'OUTPUT',NULL,1,'MANY',42),
(95,'INPUT',NULL,2,'ONE',43),
(96,'INPUT',NULL,1,'ONE',43),
(97,'OUTPUT',NULL,1,'MANY',43),
(98,'OUTPUT',NULL,2,'MANY',43),
(100,'OUTPUT',NULL,3,'MANY',43),
(101,'OUTPUT',NULL,1,'MANY',44),
(102,'OUTPUT',NULL,1,'MANY',45),
(103,'OUTPUT',NULL,1,'MANY',46),
(104,'OUTPUT',NULL,1,'MANY',47),
(105,'OUTPUT',NULL,2,'MANY',19),
(106,'INPUT',NULL,3,'ONE',43),
(107,'OUTPUT',NULL,1,'MANY',48),
(108,'INPUT',NULL,1,'ONE',49),
(109,'OUTPUT',NULL,1,'MANY',49),
(110,'INPUT',NULL,1,'ONE',50),
(111,'OUTPUT',NULL,1,'MANY',50),
(112,'INPUT',NULL,1,'ONE',51),
(113,'OUTPUT',NULL,1,'MANY',51),
(114,'INPUT',NULL,2,'ONE',50),
(115,'INPUT',NULL,1,'ONE',52),
(116,'OUTPUT',NULL,2,'MANY',52),
(117,'OUTPUT',NULL,1,'MANY',52),
(118,'OUTPUT',NULL,1,'MANY',53),
(119,'INPUT',NULL,1,'MANY',54),
(120,'INPUT',NULL,1,'ONE',2),
(121,'INPUT',NULL,2,'ONE',2),
(122,'OUTPUT',NULL,1,'ONE',2),
(123,'INPUT',NULL,1,'ONE',55),
(124,'INPUT',NULL,2,'ONE',55),
(125,'OUTPUT',NULL,1,'MANY',55),
(126,'INPUT',NULL,1,'ONE',57),
(127,'INPUT',NULL,2,'ONE',57),
(128,'OUTPUT',NULL,1,'MANY',57),
(129,'OUTPUT',NULL,1,'MANY',58),
(130,'INPUT',NULL,2,'ONE',37),
(131,'INPUT',NULL,1,'ONE',59),
(132,'INPUT',NULL,2,'ONE',59),
(133,'OUTPUT',NULL,1,'MANY',60),
(134,'OUTPUT',NULL,2,'MANY',59),
(135,'OUTPUT',NULL,1,'MANY',61),
(136,'INPUT',NULL,1,'ONE',62),
(137,'OUTPUT',NULL,1,'MANY',62),
(138,'INPUT',NULL,1,'ONE',63),
(139,'OUTPUT',NULL,1,'MANY',63),
(140,'INPUT',NULL,1,'ONE',64),
(141,'OUTPUT',NULL,1,'MANY',64),
(142,'INPUT',NULL,1,'ONE',65),
(143,'OUTPUT',NULL,1,'MANY',65),
(144,'INPUT',NULL,1,'ONE',66),
(145,'OUTPUT',NULL,1,'MANY',66),
(146,'INPUT',NULL,1,'ONE',67),
(147,'OUTPUT',NULL,1,'MANY',67),
(148,'OUTPUT',NULL,1,'MANY',68),
(149,'OUTPUT',NULL,1,'MANY',69),
(150,'OUTPUT',NULL,1,'MANY',70),
(151,'OUTPUT',NULL,1,'MANY',71),
(152,'OUTPUT',NULL,1,'MANY',59);
/*Data for the table `operation_port_interface` */
insert  into `operation_port_interface`(`id`,`color`) values 
(1,'#111'),
(2,'#111'),
(3,'#111'),
(4,'#FFDC00'),
(5,'#2ECC40'),
(6,'#B10DC9'),
(7,'#001f3f'),
(8,'#222'),
(9,'#FF851B'),
(10,'#FF4136'),
(11,'#85144b'),
(12,'#FF88FF'),
(13,'violet'),
(14,'orange'),
(15,'darkgray'),
(16,'cyan');
/*Data for the table `operation_port_interface_operation_port` */
insert  into `operation_port_interface_operation_port`(`operation_port_id`,`operation_port_interface_id`) values 
(1,1),
(2,1),
(3,1),
(4,1),
(5,1),
(6,1),
(7,1),
(8,1),
(9,1),
(10,1),
(11,1),
(12,1),
(13,1),
(14,1),
(16,1),
(19,1),
(23,1),
(25,1),
(26,1),
(27,1),
(28,1),
(29,1),
(30,1),
(31,1),
(32,1),
(35,1),
(36,1),
(38,1),
(44,1),
(45,1),
(48,1),
(49,1),
(50,1),
(51,1),
(52,1),
(65,1),
(66,1),
(68,1),
(70,1),
(74,1),
(75,1),
(76,1),
(77,1),
(79,1),
(80,1),
(83,5),
(85,1),
(86,1),
(87,1),
(88,1),
(89,4),
(18,5),
(20,2),
(91,1),
(92,1),
(93,6),
(94,1),
(95,1),
(96,5),
(97,1),
(83,8),
(101,5),
(39,9),
(102,5),
(103,5),
(104,5),
(106,10),
(21,5),
(105,10),
(43,1),
(107,11),
(22,11),
(108,1),
(109,1),
(110,1),
(111,1),
(112,1),
(113,1),
(114,1),
(115,1),
(116,1),
(117,13),
(118,1),
(119,9),
(98,9),
(120,13),
(121,14),
(24,14),
(122,1),
(123,1),
(124,1),
(125,1),
(126,1),
(127,1),
(128,1),
(129,1),
(40,1),
(61,1),
(62,1),
(30,1),
(58,1),
(130,1),
(131,1),
(132,16),
(133,16),
(134,15),
(135,1),
(136,1),
(137,1),
(138,1),
(139,1),
(140,1),
(141,1),
(142,1),
(143,1),
(144,1),
(145,1),
(146,1),
(147,1),
(148,1),
(149,1),
(150,1),
(151,1),
(152,1);
/*Data for the table `operation_port_interface_translation` */
insert  into `operation_port_interface_translation`(`id`,`locale`,`name`) values 
(1,'en','Data'),
(1,'pt','Data'),
(2,'en','ClassificationModel'),
(2,'pt','ClassificationModel'),
(3,'en','Label'),
(3,'pt','Label'),
(4,'en','IndexerModel'),
(4,'pt','IndexerModel'),
(5,'en','ClassificationAlgorithm'),
(5,'pt','ClassificationAlgorithm'),
(6,'en','MachineLearningModel'),
(6,'pt','MachineLearningModel'),
(7,'en','IFold'),
(7,'pt','IFold'),
(8,'en','IListOfClassificationModels'),
(8,'pt','IListOfClassificationModels'),
(9,'en','IEvaluation'),
(9,'pt','IEvaluation'),
(10,'en','IEvaluatorModel'),
(10,'pt','IEvaluatorModel'),
(11,'en','IClusteringAlgorithm'),
(11,'pt','IClusteringAlgorithm'),
(12,'en','IReport'),
(12,'pt','IReport'),
(13,'en','IVocabulary'),
(13,'pt','IVocabulary'),
(14,'en','IClusteringModel'),
(14,'pt','IClusteringModel'),
(15,'en','IRecommendationModel'),
(15,'pt','IRecommendationModel'),
(16,'en','IRecommendationAlgorithm'),
(16,'pt','IRecommendationAlgorithm');
/*Data for the table `operation_port_translation` */
insert  into `operation_port_translation`(`id`,`locale`,`name`,`description`) values 
(1,'en','input data','Input data to be filtered'),
(1,'pt','dados de entrada','Input data to be filtered'),
(2,'en','output data','Output data generated'),
(2,'pt','dados de saída','Output data generated'),
(3,'en','input data','Input data to be projected'),
(3,'pt','dados de entrada','Input data to be projected'),
(4,'en','output projected data','Output data'),
(4,'pt','dados de saída projetados','Dados de saída'),
(5,'en','input data 1','Input data 1'),
(5,'pt','dados de entrada 1','Input data 1'),
(6,'en','input data 2','Input data 2'),
(6,'pt','dados de entrada 2','Input data 2'),
(7,'en','output data','Output data'),
(7,'pt','dados de saída','Dados de saída'),
(8,'en','input data 1','Input data 1'),
(8,'pt','dados de entrada 1','Input data 1'),
(9,'en','input data 2','Input data 2'),
(9,'pt','dados de entrada 2','Input data 2'),
(10,'en','output data','Output data'),
(10,'pt','dados de saída','Dados de saída'),
(11,'en','input data 1','Input data 1'),
(11,'pt','dados de entrada 1','Input data 1'),
(12,'en','input data 2','Input data 2'),
(12,'pt','dados de entrada 2','Input data 2'),
(13,'en','output data','Output data'),
(13,'pt','dados de saída','Dados de saída'),
(14,'en','input data','Input data'),
(14,'pt','dados de entrada','Dados de entrada'),
(16,'en','input data','Input data'),
(16,'pt','dados de entrada','Dados de entrada'),
(18,'en','algorithm','Classification algorithm to be trained'),
(18,'pt','algoritmo','Classification algorithm to be trained'),
(19,'en','train input data','Train input data'),
(19,'pt','entrada do treino','Train input data'),
(20,'en','model','Output model'),
(20,'pt','modelo','Output model'),
(21,'en','algorithm','Algorithm to classify data'),
(21,'pt','algoritmo','Algorithm to classify data'),
(22,'en','algorithm','Clustering algorithm to be trained'),
(22,'pt','algoritmo','Clustering algorithm to be trained'),
(23,'en','train input data','Train input data'),
(23,'pt','entrada do treino','Train input data'),
(24,'en','model','Clustering output model'),
(24,'pt','modelo','Clustering output model'),
(25,'en','output data','Clustered data'),
(25,'pt','dados de saída','Clustered data'),
(26,'en','input data','Input data to be splitted'),
(26,'pt','dados de entrada','Input data to be splitted'),
(27,'en','splited data part 1','Output data 1'),
(27,'pt','parte 1 dos dados','Dados de saída 1'),
(28,'en','splited data part 2','Output data 2'),
(28,'pt','parte 2 dos dados','Dados de saída 2'),
(29,'en','input data','Input data to be transformed'),
(29,'pt','dados de entrada','Input data to be transformed'),
(30,'en','output data','Tranformed output data'),
(30,'pt','dados de saída','Tranformed output data'),
(31,'en','input data','Input data to be aggregated'),
(31,'pt','dados de entrada','Input data to be aggregated'),
(32,'en','output data','Aggregated output data'),
(32,'pt','dados de saída','Aggregated output data'),
(34,'en','algorithm','Untrained classification model'),
(34,'pt','algoritmo','Untrained classification model'),
(35,'en','output data','Read data'),
(35,'pt','dados de saída','Read data'),
(36,'en','input data','Input data to be used during evaluation'),
(36,'pt','dados de entrada','Input data to be used during evaluation'),
(37,'en','model','Model to be evaluated'),
(37,'pt','modelo','Model to be evaluated'),
(38,'en','output data','Aggregated output data'),
(38,'pt','dados de saída','Aggregated output data'),
(39,'en','metric','Metric used for evaluation'),
(39,'pt','métric','Métrica usada para a avaliação'),
(40,'en','input data','Input data'),
(40,'pt','dados de entrada','Dados de entrada'),
(42,'en','output result','Output result'),
(42,'pt','resultado de saída','Saída de resultado'),
(43,'en','output result','Output result'),
(43,'pt','resultado de saída','Saída de resultado'),
(44,'en','input data','Input data'),
(44,'pt','dados de entrada','Dados de entrada'),
(45,'en','input data','Input data'),
(45,'pt','dados de entrada','Dados de entrada'),
(46,'en','output result','Output result'),
(46,'pt','resultado de saída','Saída de resultado'),
(47,'en','model','model'),
(47,'pt','modelo','model'),
(48,'en','output data','Output data'),
(48,'pt','dados de saída','Dados de saída'),
(49,'en','input data','model'),
(49,'pt','dados de entrada','model'),
(50,'en','input data 1','Input data 1'),
(50,'pt','dados de entrada 1','Input data 1'),
(51,'en','input data 2','Input data 2'),
(51,'pt','dados de entrada 2','Input data 2'),
(52,'en','output data','Output data'),
(52,'pt','dados de saída','Dados de saída'),
(54,'en','data','Input data'),
(54,'pt','dados de entrada','Dados de entrada'),
(55,'en','input data','Input data to be sampled'),
(55,'pt','dados de entrada','Input data to be sampled'),
(56,'en','sampled data','Sampled data'),
(56,'pt','dados amostrados','Dados amostrados'),
(57,'en','algorithm','Untrained clustering model'),
(57,'pt','algoritmo','Untrained clustering model'),
(58,'en','input data','Write data'),
(58,'pt','dados de entrada','Escreve dados'),
(59,'en','input data','Input data'),
(59,'pt','dados de entrada','Dados de entrada'),
(60,'en','output result','Output'),
(60,'pt','resultado de saída','Saída'),
(61,'en','input data','Input to be sorted'),
(61,'pt','dados de entrada','Input to be sorted'),
(62,'en','output data','Sorted output'),
(62,'pt','dados de saída','Sorted output'),
(63,'en','input data','Input data'),
(63,'pt','dados de entrada','Dados de entrada'),
(64,'en','output data','Output data'),
(64,'pt','dados de saída','Dados de saída'),
(65,'en','output data','Output data'),
(65,'pt','dados de saída','Dados de saída'),
(66,'en','input data','Input data'),
(66,'pt','dados de entrada','Dados de entrada'),
(68,'en','input data','Input data'),
(68,'pt','dados de entrada','Dados de entrada'),
(70,'en','input data','Input data'),
(70,'pt','dados de entrada','Dados de entrada'),
(73,'en','visualization','Visualization model'),
(73,'pt','visualização','Modelo de visualização'),
(74,'en','output data','Output data'),
(74,'pt','dados de saída','Dados de saída'),
(75,'en','input data','Input data'),
(75,'pt','dados de entrada','Dados de entrada'),
(76,'en','output data','Output data'),
(76,'pt','dados de saída','Dados de saída'),
(77,'en','input data 1','Input data 1'),
(77,'pt','dados de entrada 1','Dados de entrada 1'),
(79,'en','output data','Output data'),
(79,'pt','dados de saída','Dados de saída'),
(80,'en','input data','Input data'),
(80,'pt','dados de entrada','Dados de entrada'),
(83,'en','models','Models to be saved'),
(83,'pt','modelos','Modelos a serem salvos'),
(85,'en','input data','Data set with feature columns to be indexed'),
(85,'es',NULL,NULL),
(85,'pt','dados de entrada','Conjunto de dados com atributos a serem indexados'),
(86,'en','output data','Output data with new indexed column'),
(86,'es',NULL,NULL),
(86,'pt','dados de saída','Dados de saída com nova coluna indexada'),
(87,'en','input data','Input data'),
(87,'es',NULL,NULL),
(87,'pt','dados de entrada','Dados de entrada'),
(88,'en','output data','Output data'),
(88,'es',NULL,NULL),
(88,'pt','dados de saída','Dados de saída'),
(89,'en','model output','Indexer model generated'),
(89,'es',NULL,NULL),
(89,'pt','saída para modelo','Modelo de indexação gerado'),
(91,'en','output data','Output data'),
(91,'es',NULL,NULL),
(91,'pt','dados saída','Dados de saída'),
(92,'en','input data','Input data'),
(92,'es',NULL,NULL),
(92,'pt','dados de entrada','Dados de entrada'),
(93,'en','model','Input model to be applied'),
(93,'es',NULL,NULL),
(93,'pt','modelo','Aplica esse modelo aos dados'),
(94,'en','output data','Output data'),
(94,'es',NULL,NULL),
(94,'pt','dados de saída','Dados de saída'),
(95,'en','input data','Partitioned data in folds'),
(95,'es',NULL,NULL),
(95,'pt','partição','Dados particionados'),
(96,'en','algorithm','Model'),
(96,'es',NULL,NULL),
(96,'pt','algoritmo','Modelo'),
(97,'en','scored data','Scored data'),
(97,'es',NULL,NULL),
(97,'pt','dados pontuados','Dados pontuados'),
(98,'en','evaluation','Evaluation'),
(98,'es',NULL,NULL),
(98,'pt','avaliacao','Avaliação'),
(100,'en','models','Models generate for each fold, sorted by best scored'),
(100,'es',NULL,NULL),
(100,'pt','modelos','Modelos gerados para cada partição, ordenados pelo melhor score'),
(101,'en','algorithm','Algorithm'),
(101,'es',NULL,NULL),
(101,'pt','algoritmo','Algoritmo'),
(102,'en','algorithm','GBT classifier'),
(102,'es',NULL,NULL),
(102,'pt','algoritmo','Classificador GBT'),
(103,'en','algorithm','Algorithm'),
(103,'es',NULL,NULL),
(103,'pt','algoritmo','Algoritmo'),
(104,'en','algorithm','Algorithm'),
(104,'es',NULL,NULL),
(104,'pt','algoritmo','Algoritmo'),
(105,'en','evaluator','Evaluator for ML model'),
(105,'es',NULL,NULL),
(105,'pt','avaliador','Avaliador para modelo de aprendizado de máquina'),
(106,'en','evaluator','Evaluator'),
(106,'es',NULL,NULL),
(106,'pt','avaliador','Avaliador'),
(107,'en','algorithm','Algorithm'),
(107,'es',NULL,NULL),
(107,'pt','algoritmo','Algoritmo'),
(108,'en','input data','Input data with a text attribute to be tokenized'),
(108,'es',NULL,NULL),
(108,'pt','dados de entrada','Dados de entrada com um atributo texto a ser separado em palavras'),
(109,'en','output data','Output data with tokenized text in a vector'),
(109,'es',NULL,NULL),
(109,'pt','dados de saída','Dados de saída com o texto dividido em palavras'),
(110,'en','input data','Input data with text to remove stop words'),
(110,'es',NULL,NULL),
(110,'pt','dados de entrada','Dados de entrada com o texto para se remover stop words'),
(111,'en','output data','Output data with text field without stop words'),
(111,'es',NULL,NULL),
(111,'pt','dados de saída','Dados de saída com campo texto sem stop words'),
(112,'en','input data','Input data'),
(112,'es',NULL,NULL),
(112,'pt','dados de entrada','Output data'),
(113,'en','output data','Output data'),
(113,'es',NULL,NULL),
(113,'pt','dados de saída','Dados de saída'),
(114,'en','stop words','Input data containing an attribute with stop words'),
(114,'es',NULL,NULL),
(114,'pt','stop words','Dados de entrada contendo um atributo com as stop words'),
(115,'en','input data','Input data'),
(115,'es',NULL,NULL),
(115,'pt','dados de entrada','Dados de entrada'),
(116,'en','output data','Output data'),
(116,'es',NULL,NULL),
(116,'pt','dados de saída','Dados de saída'),
(117,'en','vocabulary','Vocabulary produced'),
(117,'es',NULL,NULL),
(117,'pt','vocabulário','Vocabulário gerado'),
(118,'en','geodata','Geospatial data'),
(118,'es',NULL,NULL),
(118,'pt','dados geo','Dados geospaciais'),
(119,'en','evaluation','Evaluation'),
(119,'es',NULL,NULL),
(119,'pt','avaliação','Avaliação'),
(120,'en','vocabulary','Vocabulary'),
(120,'es',NULL,NULL),
(120,'pt','vocabulário','Vocabulário'),
(121,'en','model','Modelo'),
(121,'es',NULL,NULL),
(121,'pt','modelo','Modelo'),
(122,'en','output data','Output data'),
(122,'es',NULL,NULL),
(122,'pt','dados de saída','Dados de saída'),
(123,'en','input data','Input data'),
(123,'es',NULL,NULL),
(123,'pt','dados de entrada','Dados de entrada'),
(124,'en','geo data','Geo data'),
(124,'es',NULL,NULL),
(124,'pt','dados geo','Dados geo'),
(125,'en','output data','Output data'),
(125,'es',NULL,NULL),
(125,'pt','dados de saída','Dados de saída'),
(126,'en','input data 1','Input data 1'),
(126,'es',NULL,NULL),
(126,'pt','dados de entrada 1','Dados de entrada 1'),
(127,'en','input data 2','Input data 2'),
(127,'es',NULL,NULL),
(127,'pt','dados de entrada 2','Dados de entrada 2'),
(128,'en','output data','Output data'),
(128,'es',NULL,NULL),
(128,'pt','dados de saída','Dados de saída'),
(129,'en','output data','Output data'),
(129,'es',NULL,NULL),
(129,'pt','dados de saída','Dados de saída'),
(130,'en','input data 2','Input data 2'),
(130,'es',NULL,NULL),
(130,'pt','dados entrada 2','Dados de entrada 2'),
(131,'en','input data','Input data'),
(131,'es',NULL,NULL),
(131,'pt','dados de entrada','Dados de entrada'),
(132,'en','algorithm','Algorithm'),
(132,'es',NULL,NULL),
(132,'pt','algoritmo','Algoritmo'),
(133,'en','algorithm','Algorithm'),
(133,'es',NULL,NULL),
(133,'pt','algoritmo','Algoritmo'),
(134,'en','model','Model'),
(134,'es',NULL,NULL),
(134,'pt','modelo','Modelo'),
(135,'en','output data','Output data'),
(135,'es',NULL,NULL),
(135,'pt','dados de saíra','Dados de saída'),
(136,'en','input data','Input data'),
(136,'es',NULL,NULL),
(136,'pt','dados de entrada','Dados de entrada'),
(137,'en','output data','Output data'),
(137,'es',NULL,NULL),
(137,'pt','dados de saída','Dados de saída'),
(138,'en','input data','Input data'),
(138,'es',NULL,NULL),
(138,'pt','dados de entrada','Dados de entrada'),
(139,'en','output data','Output data'),
(139,'es',NULL,NULL),
(139,'pt','dados de saída','Dados de saída'),
(140,'en','input data','Input data'),
(140,'es',NULL,NULL),
(140,'pt','dados de entrada','Dados de entrada'),
(141,'en','output data','Output data'),
(141,'es',NULL,NULL),
(141,'pt','dados de saída','Dados de saída'),
(142,'en','input data','Input data'),
(142,'es',NULL,NULL),
(142,'pt','dados de entrada','Dados de entrada'),
(143,'en','output data','Output data'),
(143,'es',NULL,NULL),
(143,'pt','dados de saída','Dados de saída'),
(144,'en','input data','Input data'),
(144,'es',NULL,NULL),
(144,'pt','dados de entrada','Dados de entrada'),
(145,'en','output data','Output data'),
(145,'es',NULL,NULL),
(145,'pt','dados de saída','Dados de saída'),
(146,'en','input data','Input data'),
(146,'es',NULL,NULL),
(146,'pt','dados de entrada','Dados de entrada'),
(147,'en','output data','Output data'),
(147,'es',NULL,NULL),
(147,'pt','dados de saída','Dados de saída'),
(148,'en','visualization','Visualization'),
(148,'es',NULL,NULL),
(148,'pt','visualização','Visualização'),
(149,'en','visualization','Visualization'),
(149,'es',NULL,NULL),
(149,'pt','visualização','Visualização'),
(150,'en','visualization','Visualization'),
(150,'es',NULL,NULL),
(150,'pt','visualização','Visualização'),
(151,'en','visualization','Visualization'),
(151,'es',NULL,NULL),
(151,'pt','visualização','Visualização'),
(152,'en','output data','Output data'),
(152,'es',NULL,NULL),
(152,'pt','dados de saída','Dados de saída');
/*Data for the table `operation_translation` */
insert  into `operation_translation`(`id`,`locale`,`name`,`description`) values 
(1,'en','Classification model','Trains and applies a classification model'),
(1,'pt','Modelo de classificação','Treina e aplica um modelo de classificação'),
(2,'en','Topic report','Topic report'),
(2,'pt','Relatório de tópicos','Relatório de tópicos'),
(3,'en','Frequent itemsets mining','Identifies frequent itemsets in transactions'),
(3,'pt','Mineiração de itemsets freq.','Identifica conjuntos de itens frequentes em transações'),
(4,'en','Naive Bayes classifier','Naive Bayes Classifiers. It supports both Multinomial and Bernoulli NB. Multinomial NB can handle finitely supported discrete data. For example, by converting documents into TF-IDF vectors, it can be '),
(4,'pt','Classificador Naive Bayes','Usa um classificador'),
(5,'en','Filter (selection)','Filters data according to some criteria'),
(5,'pt','Filtrar (seleção)','Filtra linhas da fonte de dados de acordo com algum critério'),
(6,'en','Projection/Select columns','Selects a subset of the fields from data set'),
(6,'pt','Projeção/Selecionar atributos','Seleciona um subconjunto de attributos da fonte de dados'),
(7,'en','Transformation','Performs a data transformation'),
(7,'pt','Transformar','Realiza uma transformação nos dados'),
(8,'en','Linear regression','Applies a linear regression algorithm'),
(8,'pt','Regressão linear','Aplica a regressão linear'),
(9,'en','SVM Classification','Uses a SVM Classifier'),
(9,'pt','Classificador SVM','Usa um classificador SVM'),
(10,'en','Clustering model','Trains and applies a clustering model'),
(10,'pt','Modelo de agrupamento','Treina e aplica um modelo de agrupamento'),
(11,'en','Outlier detection','Performs outlier detection'),
(11,'pt','Detectar outliers','Realiza a detecção de outliers'),
(12,'en','Add rows','Concates two data sources '),
(12,'pt','Adicionar linhas','Concatena duas fontes de dados'),
(13,'en','Set intersection','Performs set intersection'),
(13,'pt','Interseção','Realiza a interseção entre fontes de dados'),
(14,'en','Time series','Time series'),
(14,'pt','Séries temporais','Séries temporais'),
(15,'en','Aggregation','Performs aggregation of data grouped by a set of fields'),
(15,'pt','Agregação','Realiza a agregação de dados agrupados por um conjunto de atributos'),
(16,'en','Join','Joins two data sets using a set of fields (keys)'),
(16,'pt','Junção (join)','Realiza a junção de fontes de dados usando um conjunto de atributos (chaves)'),
(17,'en','Split','Splits dataset in 2 different data sets using weights'),
(17,'pt','Dividir','Divide uma fonte de dados em 2 conjutos diferentes, distribuindo de acordo com pesos'),
(18,'en','Data reader','Reads data from a data set'),
(18,'pt','Leitor de dados','Lê dados de uma fonte de dados'),
(19,'en','Evaluate model','Evaluates a machine learning model'),
(19,'pt','Avaliar modelo','Avalia um modelo de aprendizado de máquina'),
(20,'en','Service output','Service output for web service or visualization'),
(20,'pt','Saída de serviço','Saída para um serviço web ou visualização'),
(21,'en','Clean missing','Cleans or replaces missing values from fields'),
(21,'pt','Limpar dados ausentes','Limpa ou substitui dados ausentes'),
(22,'en','Score model','Scores a machine learning model'),
(22,'pt','Modelo de pontuação','Modelo de pontuação'),
(23,'en','Remove duplicated rows','Remove duplicated rows from data source'),
(23,'pt','Remover linhas duplicadas','Remove linhas duplicadas de uma fonte de dados'),
(24,'en','Add Columns','Adds columns from one data source to another'),
(24,'pt','Adicionar colunas','Adiciona colunas de uma fonte de dados a outra'),
(25,'en','Comment','Comment'),
(25,'pt','Comentário','Comentário'),
(26,'en','Publish as a visualization','Publishes result as a visualization'),
(26,'pt','Publicar como visualização','Publica o resultado como uma visualização'),
(27,'en','Replace value','Replaces column value by another'),
(27,'pt','Substituir valor','Substitui o valor da coluna por outro valor'),
(28,'en','Sample','Generates a sample of data'),
(28,'pt','Amostrar','Gera uma amostra dos dados de entrada'),
(29,'en','K-Means Clustering','Uses K-Means algorithm for clustering'),
(29,'pt','Agrupamento K-Means','Usa o algoritmo K-Means para agrupamento'),
(30,'en','Data writer','Writes a new data set'),
(30,'pt','Escritor de dados','Escreve uma nova fonte de dados'),
(31,'en','Logistic regression','Performs logistic regression'),
(31,'pt','Regressão logística','Realiza regressão logística'),
(32,'en','Sort','Sorts data from data set according to a set of fields and directions'),
(32,'pt','Ordenar','Ordena dados de uma fonte de acordo com um conjunto de atributos e direções'),
(33,'en','Change attributes','Change metadata information associated to attributes'),
(33,'pt','Modificar atributos','Altera metadados associados a um ou mais atributos'),
(34,'en','Broadcast processing data','Distribute small data sets between processing nodes'),
(34,'pt','Distribuir dados de processamento','Distribui pequenos conjuntos de dados entre os nós de processamento'),
(35,'en','Table visualization','Table visualization'),
(35,'pt','Visualização em tabela','Visualização em tabela'),
(36,'en','Run application','Executes an application available in the Lemonade catalog'),
(36,'pt','Executar aplicação','Executa uma aplicação disponível no catálogo do Lemonade'),
(37,'en','Difference','Returns rows existing in first data set but not in second one'),
(37,'pt','Diferença','Retorna registros existntes no primeiro conjunto de dados e que não existem no segundo'),
(38,'en','Pearson correlation','Calculates the correlation of two attributes of a data source as a double value'),
(38,'pt','Correlação de Pearson','Calcula a correlação de Pearson para dois atributos de uma fonte de dados como valores do tipo double'),
(39,'en','Save model','Saves a model for future use'),
(39,'pt','Salvar modelo','Salva um modelo para uso futuro'),
(40,'en','Feature indexer','Indexes a feature by encoding a string column as a column containing indexes for labels (String type) or by encoding a Vector column as a column containing indexes for these vectors.'),
(40,'es',NULL,NULL),
(40,'pt','Indexador feature','Indexa uma feature codificando o texto da coluna como uma coluna contendo os índices para os rótulos ou codificando uma coluna do tipo Vector como uma coluna de índices para esses vetores'),
(41,'en','Feature assembler',' feature transformer that merges multiple attributes into a vector attribute'),
(41,'es',NULL,NULL),
(41,'pt','Definidor de feature','Transformador de features que mescla atributos em um atributo do tipo vetor'),
(42,'en','Apply model','Apply a machine learning model to data'),
(42,'es',NULL,NULL),
(42,'pt','Aplicar modelo','Aplica um modelo de aprendizado de máquina aos dados'),
(43,'en','Cross validation','Perform cross validation'),
(43,'es',NULL,NULL),
(43,'pt','Validação cruzada','Realiza a validação cruzada'),
(44,'en','Random forest classifier','Random forest classifier'),
(44,'es',NULL,NULL),
(44,'pt','Classificador random forest','Classificador random forest'),
(45,'en','GBT Classifier','Gradient-Boosted Trees (GBTs) learning algorithm for classification. It supports binary labels, as well as both continuous and categorical features. '),
(45,'es',NULL,NULL),
(45,'pt','Classificador GBT','Algoritmo de aprendizado para classificação Gradient-Boosted Trees (GBTs). Suporta rótulos binários e features contínuas e categóricas.'),
(46,'en','Decision tree classifier','Decision tree learning algorithm for classification. It supports both binary and multiclass labels, as well as both continuous and categorical features.'),
(46,'es',NULL,NULL),
(46,'pt','Classif. Árv. Decisão','Classificador baseado em árvores de decisão. Suporta tanto rótulos binários quanto multiclasses e features contínuas e categóricas.'),
(47,'en','Perceptron Classifier','Classifier trainer based on the Multilayer Perceptron. Each layer has sigmoid activation function, output layer has softmax. Number of inputs has to be equal to the size of feature vectors. Number of '),
(47,'es',NULL,NULL),
(47,'pt',' Classificador Perceptron','Classifier trainer based on the Multilayer Perceptron. Each layer has sigmoid activation function, output layer has softmax. Number of inputs has to be equal to the size of feature vectors. Number of '),
(48,'en','LDA Clustering','LDA Clustering'),
(48,'es',NULL,NULL),
(48,'pt','Agrupamento LDA','Agrupamento LDA'),
(49,'en','Tokenizer','Tokenize the input text in a vector of words using a simple tokenizer or one based on regular expression.'),
(49,'es',NULL,NULL),
(49,'pt','Dividir texto','Divite o texto de entrada em um vetor de palavras usando um separador simples ou baseado em expressões regulares.'),
(50,'en','Remove stop words','Remove stop words'),
(50,'es',NULL,NULL),
(50,'pt','Remove \'stop words\'','Remove stop words'),
(51,'en','Generate NGrams','A feature transformer that converts the input array of strings into an array of n-grams. '),
(51,'es',NULL,NULL),
(51,'pt','Gerar N-Gramas','Converte texto em um vetor de n-gramas'),
(52,'en','Convert words to vector','Convert words to vector'),
(52,'es',NULL,NULL),
(52,'pt','Converter palavras em vetor','Converter palavras em vetor'),
(53,'en','Read shapefile','Read a shapefile'),
(53,'es',NULL,NULL),
(53,'pt','Ler shapefile','Lê um arquivo no formato shapefile'),
(54,'en','Classification Report','Classification report'),
(54,'es',NULL,NULL),
(54,'pt','Relat. de Classificação','Relatório de classificação'),
(55,'en','Geo Within','Locates a point in a shape'),
(55,'es',NULL,NULL),
(55,'pt','Geo: localizar ponto','Localiza um ponto em um polígono'),
(56,'en','Gaussian Mix. Clustering','Gaussian Mix. Clustering'),
(56,'es',NULL,NULL),
(56,'pt','Agrupamento Gaussian Mix.','Agrupamento Gaussian Mix.'),
(57,'en','Data multiplexer','Selects an input according to a set of rules'),
(57,'es',NULL,NULL),
(57,'pt','Multiplexador','Seleciona uma entrada de acordo com um conjunto de regras'),
(58,'en','External input','Read data from an external source'),
(58,'es',NULL,NULL),
(58,'pt','Entrada externa','Lê dados de uma fonte externa'),
(59,'en','Recommendation Model','Recommendation model'),
(59,'es',NULL,NULL),
(59,'pt','Modelo de recomendação','Modelo de recomendação'),
(60,'en','ALS Recommender','ALS Recommender'),
(60,'es',NULL,NULL),
(60,'pt','Recomendador ALS',' Recomendador ALS'),
(61,'en','Data reader','Data reader'),
(61,'es',NULL,NULL),
(61,'pt','Leitor de dados','Leitor de dados'),
(62,'en','Filter','Filter'),
(62,'es',NULL,NULL),
(62,'pt','Filtro','Filtro'),
(63,'en','Graph','Graph'),
(63,'es',NULL,NULL),
(63,'pt','Grafo','Grafo'),
(64,'en','Correlation','Correlation'),
(64,'es',NULL,NULL),
(64,'pt','Correlação','Correlação'),
(65,'en','Word tree','Word tree'),
(65,'es',NULL,NULL),
(65,'pt','Word tree','Word tree'),
(66,'en','Sentiment analysis','Sentiment analysis'),
(66,'es',NULL,NULL),
(66,'pt','Análise de sentimentos','Análise de sentimentos'),
(67,'en','Recurrence','Recurrence'),
(67,'es',NULL,NULL),
(67,'pt','Recorrência','Recorrência'),
(68,'en','Line chart','Line chart'),
(68,'es',NULL,NULL),
(68,'pt','Gráfico de linha','Gráfico de linha'),
(69,'en','Bar chart','Bar chart'),
(69,'es',NULL,NULL),
(69,'pt','Gráfico de barras','Gráfico de barras'),
(70,'en','Pie chart','Pie chart'),
(70,'es',NULL,NULL),
(70,'pt','Gráfico de pizza','Gráfico de pizza'),
(71,'en','Area chart','Area chart'),
(71,'es',NULL,NULL),
(71,'pt','Gráfico de área','Gráfico de área');
/*Data for the table `platform` */
insert  into `platform`(`id`,`slug`,`enabled`,`icon`) values 
(1,'spark',1,'/static/spark.png'),
(2,'ophidia',0,''),
(3,'compss',0,''),
(4,'mj',1,'');
/*Data for the table `platform_translation` */
insert  into `platform_translation`(`id`,`locale`,`name`,`description`) values 
(1,'en','Spark','Apache Spark 2.0 execution platform'),
(1,'pt','Spark','Apache Spark 2 - Plataforma de execução'),
(2,'en','Ophidia','Ophidia'),
(2,'pt','Ophidia','Ophidia'),
(3,'en','COMPSs','COMPSs'),
(3,'pt','COMPSs','COMPSs'),
(4,'en','AI Social','AI Social'),
(4,'pt','AI Social','AI Social');
/*Data for the table `task` */
/*Data for the table `workflow` */
/*!40101 SET SQL_MODE=@OLD_SQL_MODE */;
/*!40014 SET FOREIGN_KEY_CHECKS=@OLD_FOREIGN_KEY_CHECKS */;
/*!40014 SET UNIQUE_CHECKS=@OLD_UNIQUE_CHECKS */;
/*!40111 SET SQL_NOTES=@OLD_SQL_NOTES */;
